District,State,Juvenile Proportion,YA Proportion,Mature Proportion,Nonfiction Proportion,Top Categories,Total Bans,Unique Bans
Abington Public Schools,Massachusetts,0,100,0,100,"{'Young Adult Nonfiction': 100, 'Lgbtq': 100, 'Social Topics': 100, 'Dating & Sex': 100, 'Humor': 100}",1,1
Academy School District 20,Colorado,33,33,0,33,"{'Women': 66, 'Young Adult Fiction': 33, 'Social Themes': 33, 'Emotions & Feelings': 33, 'Sexual Abuse': 33, 'Family': 33, 'Juvenile Fiction': 33, 'Biography & Autobiography': 33, 'Literary Figures': 33, 'Editors, Journalists, Publishers': 33, 'Personal Memoirs': 33, 'Law': 33, 'Legal History': 33, 'Social Science': 33, ""Women'S Studies"": 33, 'True Crime': 33, 'Sexual Assault': 33, 'Fiction': 33, 'African American & Black': 33, 'Urban & Street Lit': 33, 'Coming Of Age': 33}",3,3
Alamance-Burlington School District,North Carolina,0,0,0,100,"{'Comics & Graphic Novels': 100, 'Nonfiction': 100, 'Biography & Memoir': 100, 'Lgbtq': 100, 'Biography & Autobiography': 100}",1,1
Alpine School District,Utah,23,64,5,15,"{'Young Adult Fiction': 56, 'Social Themes': 48, 'Fiction': 25, 'Romance': 23, 'Dating & Sex': 23, 'Juvenile Fiction': 20, 'Coming Of Age': 20, 'Friendship': 17, 'Fantasy': 15, 'Epic': 12, 'Lgbtq': 12}",39,39
Anchorage School District,Alaska,0,0,0,100,"{'Comics & Graphic Novels': 100, 'Nonfiction': 100, 'Biography & Memoir': 100, 'Lgbtq': 100, 'Biography & Autobiography': 100}",1,1
Anderson School District One,South Carolina,0,0,0,0,"{'Fiction': 100, 'Dystopian': 100, 'Feminist': 100, 'Women': 100}",1,1
Ankeny Community School District,Iowa,33,33,0,33,"{'School & Education': 66, 'Comics & Graphic Novels': 33, 'Nonfiction': 33, 'Biography & Memoir': 33, 'Lgbtq': 33, 'Biography & Autobiography': 33, 'Young Adult Fiction': 33, 'Health & Daily Living': 33, 'Diseases, Illnesses & Injuries': 33, 'Humorous': 33, 'Black Comedy': 33, 'Social Themes': 33, 'Friendship': 33, 'Death, Grief, Bereavement': 33, 'Religious': 33, 'Jewish': 33, 'Juvenile Fiction': 33, 'Action & Adventure': 33, 'Juvenile Nonfiction': 33}",3,3
Bay District Schools,Florida,0,100,0,0,"{'Young Adult Fiction': 100, 'Romance': 100, 'Contemporary': 50, 'Thrillers & Suspense': 50, 'Social Themes': 50, 'Bullying': 50, 'Lgbtq': 50, 'Fantasy': 50, 'Epic': 50, 'Dark Fantasy': 50}",2,2
Beaufort County School District,South Carolina,25,60,4,7,"{'Young Adult Fiction': 58, 'Social Themes': 55, 'Romance': 31, 'Fiction': 28, 'Juvenile Fiction': 24, 'Family': 18, 'Contemporary': 17, 'Dating & Sex': 17, 'Lgbtq': 16, 'Coming Of Age': 16, 'People & Places': 13, 'United States': 13, 'Friendship': 12}",99,99
Belding Area Schools,Michigan,0,100,0,0,"{'Young Adult Fiction': 100, 'Social Themes': 100, 'Death, Grief, Bereavement': 100, 'Friendship': 100, 'Self-Esteem & Self-Reliance': 100}",1,1
Belton Independent School District,Texas,0,71,28,42,"{'Young Adult Fiction': 57, 'Social Themes': 42, 'Lgbtq': 28, 'Poetry': 28, 'Subjects & Themes': 28, 'Women Authors': 28, 'Dating & Sex': 28, 'Pregnancy': 14, 'Law & Crime': 14, 'Young Adult Nonfiction': 14, 'Biography & Autobiography': 14, 'Cultural, Ethnic & Regional': 14, 'Boys & Men': 14, 'Comics & Graphic Novels': 14, 'Romance': 14, 'Inspirational & Religious': 14, 'Love & Erotica': 14, 'Sexual Abuse': 14, 'Friendship': 14, 'Canadian': 14, 'Family': 14, 'Girls & Women': 14}",7,7
Birdville Independent School District,Texas,21,50,14,35,"{'Young Adult Fiction': 50, 'Social Themes': 42, 'Lgbtq': 21, 'Comics & Graphic Novels': 21, 'Romance': 21, 'Juvenile Nonfiction': 14, 'Health & Daily Living': 14, 'Science & Nature': 14, 'Anatomy & Physiology': 14, 'Emotions & Feelings': 14, 'Biography & Autobiography': 14, 'Literary': 14, 'Nonfiction': 14, 'Biography & Memoir': 14, 'Thrillers & Suspense': 14, 'Friendship': 14, 'Girls & Women': 14, 'Class Differences': 14, 'Fiction': 14, 'Coming Of Age': 14}",14,14
Bixby Public Schools,Oklahoma,0,100,0,0,"{'Young Adult Fiction': 100, 'Comics & Graphic Novels': 100, 'Coming Of Age': 100, 'Lgbtq': 100}",1,1
Blount County Schools,Tennessee,50,50,0,0,"{'Juvenile Fiction': 50, 'People & Places': 50, 'United States': 50, 'Asian American & Pacific Islander': 50, 'Young Adult Fiction': 50, 'Health & Daily Living': 50, 'Diseases, Illnesses & Injuries': 50, 'Humorous': 50, 'Black Comedy': 50, 'Social Themes': 50, 'Friendship': 50, 'Death, Grief, Bereavement': 50, 'Religious': 50, 'Jewish': 50, 'School & Education': 50}",2,2
Bonneville Joint School District No 93,Idaho,100,0,0,100,"{'Juvenile Nonfiction': 100, 'Biography & Autobiography': 100, 'Social Activists': 100, 'Lgbtq': 100, 'History': 100, 'United States': 100, '20Th Century': 100}",1,1
Brevard Public Schools,Florida,70,13,2,51,"{'Juvenile Nonfiction': 52, 'Religion': 46, 'Bible Stories': 36, 'Juvenile Fiction': 33, 'Religious': 21, 'Christian': 15, 'Social Themes': 12, 'Old Testament': 12, 'Young Adult Fiction': 11, 'Biblical Studies': 11}",193,193
Bristow Public Schools,Oklahoma,24,59,0,10,"{'Young Adult Fiction': 56, 'Social Themes': 51, 'Juvenile Fiction': 24, 'Fiction': 18, 'Family': 18, 'Dating & Sex': 16, 'Friendship': 16, 'Fantasy': 13, 'Romance': 13, 'Emotions & Feelings': 13, 'Coming Of Age': 13}",37,37
Broward County Public Schools,Florida,70,11,11,23,"{'Juvenile Fiction': 52, 'Family': 41, 'Lgbtq': 41, 'Juvenile Nonfiction': 29, 'Social Themes': 29, 'Social Topics': 23, 'Animals': 17, 'Coming Of Age': 17, 'Fiction': 17, 'Adoption': 11, 'Parents': 11, 'Self-Esteem & Self-Reliance': 11, 'Bullying': 11, 'Stories In Verse': 11}",17,17
Campbell County Schools,Kentucky,33,66,0,33,"{'Young Adult Fiction': 66, 'Biography & Autobiography': 33, 'Literary Figures': 33, 'Women': 33, 'Editors, Journalists, Publishers': 33, 'Personal Memoirs': 33, 'Law': 33, 'Legal History': 33, 'Social Science': 33, ""Women'S Studies"": 33, 'True Crime': 33, 'Sexual Assault': 33, 'Social Themes': 33, 'Prejudice & Racism': 33, 'Romance': 33, 'Historical': 33, 'United States': 33, '20Th Century': 33, 'Coming Of Age': 33, 'Family': 33, 'Novels In Verse': 33, 'Juvenile Fiction': 33, 'Love & Romance': 33}",3,3
Canaan Schools,Vermont,0,0,0,100,"{'Biography & Autobiography': 100, 'Comics & Graphic Novels': 100, 'Nonfiction': 100, 'Biography & Memoir': 100, 'Lgbtq': 100, 'Psychology': 100, 'Human Sexuality': 100, 'Self-Help': 100, 'Anxieties & Phobias': 100, 'Social Science': 100, 'Lgbtq+ Studies': 100, 'Lesbian Studies': 100}",1,1
Canby Public School District,Oregon,18,48,2,13,"{'Young Adult Fiction': 48, 'Social Themes': 45, 'Fiction': 35, 'Romance': 29, 'Dating & Sex': 18, 'Fantasy': 16, 'Literary': 16, 'Juvenile Fiction': 16, 'Epic': 13, 'Coming Of Age': 13, 'Comics & Graphic Novels': 13, 'Friendship': 13}",37,37
Canutillo Independent School District,Texas,0,0,0,100,"{'Comics & Graphic Novels': 100, 'Nonfiction': 100, 'Biography & Memoir': 100, 'Lgbtq': 100, 'Biography & Autobiography': 100}",1,1
Canyons School District,Utah,34,43,3,12,"{'Social Themes': 43, 'Young Adult Fiction': 43, 'Fiction': 34, 'Juvenile Fiction': 31, 'Romance': 25, 'Family': 21, 'Friendship': 15, 'Literary': 15, 'Coming Of Age': 15, 'Emotions & Feelings': 12, 'Fantasy': 12, 'Dating & Sex': 12}",32,32
Carmel Clay Schools,Indiana,77,44,22,22,"{'Social Themes': 77, 'Juvenile Fiction': 55, 'Friendship': 44, 'Juvenile Nonfiction': 44, 'Emotions & Feelings': 33, 'Social Topics': 33, 'Young Adult Fiction': 33, 'Dating & Sex': 33, 'Self-Esteem & Self-Reliance': 33, 'School & Education': 22, 'Lgbtq': 22, 'Family': 22, 'Health & Daily Living': 22, 'Maturing': 22, 'Social Science': 22, 'Gender Studies': 22, 'Girls & Women': 22, 'Fiction': 11, 'Lgbtq+': 11, 'Drugs, Alcohol, Substance Abuse': 11, 'Stories In Verse': 11, 'Parents': 11, 'Pregnancy': 11, 'Young Adult Nonfiction': 11, 'Reference': 11, 'Toys, Dolls & Puppets': 11, 'Science & Nature': 11, 'Anatomy & Physiology': 11, 'Romance': 11, 'New Experience': 11, 'Education': 11, 'Schools': 11, 'Levels': 11, 'Elementary': 11, 'Siblings': 11, 'Bullying': 11}",9,9
Carroll Community School District,Iowa,66,66,0,0,"{'Young Adult Fiction': 66, 'Social Themes': 66, 'Sexual Abuse': 66, 'Juvenile Fiction': 66, 'Fairy Tales & Folklore': 33, 'Adaptations': 33, 'Literary': 33, 'Stories In Verse': 33, 'Girls & Women': 33, 'Poverty & Homelessness': 33, 'Physical & Emotional Abuse': 33, 'Coming Of Age': 33, 'Family': 33, 'Novels In Verse': 33, 'Love & Romance': 33}",3,3
Catawba County Schools,North Carolina,25,100,0,0,"{'Young Adult Fiction': 100, 'Social Themes': 100, 'Friendship': 50, 'Death, Grief, Bereavement': 25, 'Self-Esteem & Self-Reliance': 25, 'Thrillers & Suspense': 25, 'Physical & Emotional Abuse': 25, 'Class Differences': 25, 'Prejudice & Racism': 25, 'Romance': 25, 'Historical': 25, 'United States': 25, '20Th Century': 25, 'Fiction': 25, 'Classics': 25, 'Literary': 25, 'Media Tie-In': 25, 'Coming Of Age': 25, 'Juvenile Fiction': 25, 'School & Education': 25, 'Emotions & Feelings': 25}",4,4
Central Bucks School District,Pennsylvania,0,50,0,100,"{'Lgbtq': 100, 'Comics & Graphic Novels': 50, 'Nonfiction': 50, 'Biography & Memoir': 50, 'Biography & Autobiography': 50, 'Young Adult Nonfiction': 50, 'Social Topics': 50, 'Dating & Sex': 50, 'Humor': 50}",2,2
Central Kitsap School District,Washington,0,0,0,100,"{'Comics & Graphic Novels': 100, 'Nonfiction': 100, 'Biography & Memoir': 100, 'Lgbtq': 100, 'Biography & Autobiography': 100}",1,1
Central York School District,Pennsylvania,85,2,0,34,"{'Juvenile Fiction': 63, 'People & Places': 42, 'United States': 39, 'Social Themes': 32, 'Juvenile Nonfiction': 25, 'Family': 23, 'African American & Black': 19, 'Biography & Autobiography': 17, 'Friendship': 14, 'Readers': 14}",443,442
Charlotte-Mecklenburg Schools,North Carolina,0,100,100,100,"{'Young Adult Nonfiction': 100, 'Social Topics': 100, 'Comics & Graphic Novels': 50, 'History': 50, 'Health & Daily Living': 50, 'Sexuality & Pregnancy': 50, 'Maturing': 50, 'Beauty & Grooming': 50, 'Dating & Sex': 50, 'Pregnancy': 50}",2,2
Cheboygan Area Schools,Michigan,0,100,0,0,"{'Young Adult Fiction': 100, 'Social Themes': 100, 'Prejudice & Racism': 100, 'Violence': 100, 'Law & Crime': 100}",1,1
Cherokee County School District,Georgia,50,30,0,20,"{'Fiction': 40, 'Juvenile Nonfiction': 40, 'Juvenile Fiction': 30, 'Family': 30, 'Social Themes': 30, 'Young Adult Fiction': 30, 'Science & Nature': 20, 'Social Topics': 20, 'School & Education': 20, 'Dating & Sex': 20, 'Lgbtq': 20, 'Historical': 20, 'Literary': 20, 'Love & Romance': 20}",10,10
Cherry Creek School District,Colorado,0,66,33,66,"{'Comics & Graphic Novels': 100, 'Lgbtq': 66, 'Young Adult Fiction': 33, 'Coming Of Age': 33, 'Nonfiction': 33, 'Biography & Memoir': 33, 'Biography & Autobiography': 33, 'Young Adult Nonfiction': 33, 'Social Topics': 33, 'History': 33}",3,3
Chippewa Falls Area Unified School District,Wisconsin,0,100,0,0,"{'Young Adult Fiction': 100, 'Social Themes': 100, 'Friendship': 100, 'Bullying': 100, 'Coming Of Age': 100, 'Loners & Outcasts': 100}",1,1
Chippewa Valley Schools,Michigan,33,46,13,20,"{'Young Adult Fiction': 40, 'Juvenile Fiction': 33, 'Social Themes': 33, 'Coming Of Age': 26, 'Fiction': 26, 'Family': 20, 'Historical': 13, 'United States': 13, '20Th Century': 13, 'Love & Romance': 13, 'People & Places': 13, 'Self-Esteem & Self-Reliance': 13, 'Romance': 13}",15,15
Clay County School District,Florida,36,56,2,15,"{'Young Adult Fiction': 50, 'Social Themes': 49, 'Juvenile Fiction': 32, 'Romance': 25, 'Lgbtq': 19, 'Family': 16, 'United States': 15, 'Fiction': 15, 'People & Places': 14, 'Friendship': 13, 'Fantasy': 13, 'Coming Of Age': 11}",404,404
Clear Creek Independent School District,Texas,42,42,0,28,"{'Comics & Graphic Novels': 57, 'Lgbtq': 57, 'Juvenile Fiction': 42, 'Social Themes': 42, 'Young Adult Fiction': 42, 'Prejudice & Racism': 28, 'United States': 28, 'Biography & Autobiography': 28, 'Nonfiction': 28, 'Biography & Memoir': 28, 'Romance': 28, 'Juvenile Nonfiction': 14, 'Family': 14, 'Marriage & Divorce': 14, 'Social Topics': 14, 'Blended Families': 14, 'People & Places': 14, 'Emotions & Feelings': 14, 'Violence': 14, 'Diversity & Multicultural': 14, 'Coming Of Age': 14, 'Art': 14, 'Techniques': 14, 'Cartooning': 14, 'Personal Memoirs': 14, 'Literary': 14, 'Humorous': 14, 'Psychology': 14, 'Developmental': 14, 'Child': 14, 'Thrillers & Suspense': 14, 'Action & Adventure': 14, 'Love & Romance': 14, 'Historical': 14, '20Th Century': 14, 'Sports & Recreation': 14, 'Soccer': 14, 'Friendship': 14}",7,7
Collier County Public Schools,Florida,21,39,4,4,"{'Fiction': 43, 'Young Adult Fiction': 39, 'Social Themes': 39, 'Romance': 30, 'Fantasy': 21, 'Literary': 21, 'Juvenile Fiction': 21, 'Lgbtq': 17, 'Coming Of Age': 17, 'Contemporary': 13, 'Dating & Sex': 13, 'African American & Black': 13, 'Comics & Graphic Novels': 13, 'Action & Adventure': 13, 'Friendship': 13, 'Historical': 13}",23,23
Collierville Schools,Tennessee,16,81,3,19,"{'Young Adult Fiction': 72, 'Lgbtq': 63, 'Romance': 40, 'Social Themes': 36, 'Fantasy': 18, 'Juvenile Fiction': 14, 'Friendship': 12, 'Family': 11, 'Coming Of Age': 11}",326,325
Community High School District 117,Illinois,0,0,0,100,"{'Comics & Graphic Novels': 100, 'Nonfiction': 100, 'Biography & Memoir': 100, 'Lgbtq': 100, 'Biography & Autobiography': 100}",1,1
Connetquot Central School District,New York,0,0,0,100,"{'Comics & Graphic Novels': 100, 'Nonfiction': 100, 'Biography & Memoir': 100, 'Lgbtq': 100, 'Biography & Autobiography': 100}",1,1
Conroe Independent School District,Texas,21,41,5,7,"{'Young Adult Fiction': 39, 'Social Themes': 32, 'Comics & Graphic Novels': 31, 'Romance': 29, 'Fiction': 27, 'Humorous': 27, 'Science Fiction': 27, 'Media Tie-In': 27, 'Manga': 26, 'Juvenile Fiction': 21, 'Contemporary': 16, 'Family': 15, 'Dating & Sex': 15, 'Coming Of Age': 13, 'Fantasy': 11}",79,79
Conway Public Schools,Arkansas,50,50,0,50,"{'Juvenile Nonfiction': 50, 'Health & Daily Living': 50, 'Sexuality & Pregnancy': 50, 'Science & Nature': 50, 'Anatomy & Physiology': 50, 'Social Issues': 50, 'Emotions & Feelings': 50, 'Young Adult Fiction': 50, 'Social Themes': 50, 'Dating & Sex': 50, 'Romance': 50, 'Lgbtq': 50, 'Friendship': 50, 'Contemporary': 50}",2,2
Cumberland County Schools,North Carolina,33,44,11,11,"{'Fiction': 44, 'Young Adult Fiction': 44, 'Romance': 33, 'Social Themes': 33, 'Historical': 33, 'Fantasy': 22, 'Epic': 22, 'Contemporary': 22, 'Juvenile Nonfiction': 22, 'Health & Daily Living': 22, 'Juvenile Fiction': 22, 'United States': 22, 'Friendship': 22, 'Comics & Graphic Novels': 22, 'African American & Black': 22, 'Coming Of Age': 22, 'People & Places': 11, 'Hispanic & Latino': 11, 'Family': 11, 'Lgbtq': 11, 'Media Tie-In': 11, 'Africa': 11, 'Sagas': 11, 'Literary': 11, 'Prejudice & Racism': 11, '20Th Century': 11, 'Urban & Street Lit': 11, 'Women': 11, 'Sexuality & Pregnancy': 11, 'Social Topics': 11, 'Dating & Relationships': 11, 'Maturing': 11, 'Girls & Women': 11}",9,9
Cypress-Fairbanks Independent School District,Texas,42,57,10,42,"{'Social Themes': 52, 'Young Adult Fiction': 47, 'Comics & Graphic Novels': 31, 'Romance': 31, 'Juvenile Fiction': 31, 'Lgbtq': 26, 'Friendship': 26, 'Dating & Sex': 21, 'Biography & Autobiography': 15, 'Love & Romance': 15, 'Contemporary': 15, 'Girls & Women': 15}",19,19
Davis School District,Utah,27,47,4,10,"{'Young Adult Fiction': 43, 'Fiction': 39, 'Social Themes': 39, 'Romance': 29, 'Juvenile Fiction': 27, 'Fantasy': 18, 'Epic': 16, 'Coming Of Age': 16, 'Family': 14, 'Literary': 14, 'Contemporary': 12}",48,48
Davison Community Schools,Michigan,37,62,0,25,"{'Social Themes': 62, 'Friendship': 62, 'Young Adult Fiction': 62, 'Lgbtq': 50, 'Juvenile Fiction': 37, 'Juvenile Nonfiction': 25, 'United States': 25, 'Media Tie-In': 25, 'Romance': 25, 'Fiction': 25, 'Coming Of Age': 25, 'Health & Daily Living': 12, 'People & Places': 12, 'Hispanic & Latino': 12, 'Family': 12, 'Sports & Recreation': 12, 'Football': 12, 'Social Topics': 12, 'Dating & Relationships': 12, 'Love & Romance': 12, 'Self-Help': 12, 'Post-Traumatic Stress Disorder (Ptsd)': 12, 'Family & Relationships': 12, 'Abuse': 12, 'Child Abuse': 12, 'Body, Mind & Spirit': 12, 'Healing': 12, 'History': 12, '20Th Century': 12, 'Americas (North, Central, South, West Indies)': 12, 'Social History': 12, 'Social Science': 12, 'Feminism & Feminist Theory': 12, 'Sociology': 12, 'Discrimination': 12, 'African American & Black': 12, 'Urban & Street Lit': 12, 'Women': 12, 'Dating & Sex': 12, 'Classics': 12, 'Literary': 12, 'School & Education': 12, 'Emotions & Feelings': 12, 'Death, Grief, Bereavement': 12}",8,8
Dearborn Public Schools,Michigan,0,57,14,28,"{'Lgbtq': 42, 'Fiction': 42, 'Young Adult Nonfiction': 28, 'Young Adult Fiction': 28, 'Romance': 28, 'Dating & Sex': 28, 'Coming Of Age': 28, 'Biography & Autobiography': 14, 'Cultural, Ethnic & Regional': 14, 'Boys & Men': 14, 'Contemporary': 14, 'Social Themes': 14, 'Comics & Graphic Novels': 14, 'African American & Black': 14, 'Urban & Street Lit': 14, 'Women': 14, 'Lgbt': 14, 'Gay': 14, 'Romantic Comedy': 14, 'Thrillers': 14, 'Suspense': 14, 'Performing Arts': 14, 'Theater': 14, 'Playwriting': 14, 'Literary Criticism': 14, 'Drama': 14, 'European': 14, 'English, Irish, Scottish, Welsh': 14, 'Crime': 14, 'Women Authors': 14, 'Language Arts & Disciplines': 14, 'Writing': 14, 'Direction & Production': 14, 'Mystery & Detective': 14, 'Social Topics': 14, 'Humor': 14}",7,7
Denton Independent School District,Texas,0,100,0,100,"{'Young Adult Nonfiction': 100, 'Lgbtq': 100, 'Biography & Autobiography': 100, 'Cultural, Ethnic & Regional': 100, 'Boys & Men': 100}",1,1
Derby Public Schools,Kansas,100,0,0,0,"{'Juvenile Fiction': 100, 'Action & Adventure': 100, 'Juvenile Nonfiction': 100, 'School & Education': 100}",1,1
Downingtown Area School District,Pennsylvania,0,66,0,66,"{'Lgbtq': 66, 'Biography & Autobiography': 66, 'Young Adult Nonfiction': 33, 'Cultural, Ethnic & Regional': 33, 'Boys & Men': 33, 'Comics & Graphic Novels': 33, 'Nonfiction': 33, 'Biography & Memoir': 33, 'Young Adult Fiction': 33, 'Health & Daily Living': 33, 'Diseases, Illnesses & Injuries': 33, 'Humorous': 33, 'Black Comedy': 33, 'Social Themes': 33, 'Friendship': 33, 'Death, Grief, Bereavement': 33, 'Religious': 33, 'Jewish': 33, 'School & Education': 33}",3,3
Duval County Public Schools,Florida,93,5,1,17,"{'Juvenile Fiction': 76, 'People & Places': 54, 'United States': 42, 'Family': 29, 'Social Themes': 29, 'Juvenile Nonfiction': 22, 'Historical': 16, 'Native American': 12, 'African American & Black': 11, 'Biography & Autobiography': 11}",200,200
East Stroudsburg Area School District,Pennsylvania,0,50,0,100,"{'Lgbtq': 100, 'Biography & Autobiography': 100, 'Young Adult Nonfiction': 50, 'Cultural, Ethnic & Regional': 50, 'Boys & Men': 50, 'Comics & Graphic Novels': 50, 'Nonfiction': 50, 'Biography & Memoir': 50}",2,2
Eastern Lancaster County School District,Pennsylvania,0,0,0,100,"{'Comics & Graphic Novels': 100, 'Literary': 100}",1,1
Edmond Public Schools,Oklahoma,0,0,0,60,"{'African American & Black': 60, 'Biography & Autobiography': 40, 'Fiction': 40, 'Drama': 20, 'American': 20, 'Psychological': 20, 'Classics': 20, 'Literary': 20, 'Legal': 20, 'Coming Of Age': 20, 'Family Life': 20}",5,5
Elizabethtown Area School District,Pennsylvania,0,100,0,0,"{'Young Adult Fiction': 100, 'Health & Daily Living': 100, 'Diseases, Illnesses & Injuries': 100, 'Humorous': 100, 'Black Comedy': 100, 'Social Themes': 100, 'Friendship': 100, 'Death, Grief, Bereavement': 100, 'Religious': 100, 'Jewish': 100, 'School & Education': 100}",1,1
Elmbrook Schools,Wisconsin,0,100,50,100,"{'Young Adult Nonfiction': 100, 'Social Topics': 100, 'Dating & Sex': 100, 'Inspirational & Personal Growth': 50, 'Lgbt': 50, 'Lgbtq': 50, 'Humor': 50}",2,2
Escambia County Public Schools,Florida,31,44,4,16,"{'Social Themes': 45, 'Young Adult Fiction': 42, 'Juvenile Fiction': 25, 'Romance': 22, 'Fiction': 22, 'Lgbtq': 20, 'Family': 16, 'Comics & Graphic Novels': 13, 'Friendship': 11}",205,205
FAU Lab Schools,Florida,14,0,0,85,"{'Language Arts & Disciplines': 85, 'Juvenile Fiction': 14, 'People & Places': 14, 'United States': 14, 'African American & Black': 14, 'Social Themes': 14, 'Prejudice & Racism': 14, 'Historical': 14, '20Th Century': 14, 'Violence': 14}",7,7
Fairfax County Public Schools,Virginia,0,0,0,50,"{'Comics & Graphic Novels': 50, 'Nonfiction': 50, 'Biography & Memoir': 50, 'Lgbtq': 50, 'Biography & Autobiography': 50, 'Fiction': 50, 'Coming Of Age': 50, 'Humorous': 50, 'Family Life': 50}",2,2
Fairview School District,Pennsylvania,0,0,0,100,"{'Comics & Graphic Novels': 100, 'Nonfiction': 100, 'Biography & Memoir': 100, 'Lgbtq': 100, 'Biography & Autobiography': 100}",1,1
Farmington Public Schools,Arkansas,50,100,0,50,"{'Young Adult Nonfiction': 50, 'Lgbtq': 50, 'Biography & Autobiography': 50, 'Cultural, Ethnic & Regional': 50, 'Boys & Men': 50, 'Young Adult Fiction': 50, 'Coming Of Age': 50, 'Family': 50, 'Novels In Verse': 50, 'Juvenile Fiction': 50, 'Love & Romance': 50}",2,2
Flagler Schools,Florida,16,68,0,12,"{'Young Adult Fiction': 64, 'Social Themes': 64, 'Romance': 20, 'Dating & Sex': 20, 'Sexual Abuse': 20, 'Friendship': 20, 'Fiction': 16, 'Lgbtq': 16, 'Juvenile Fiction': 16, 'Bullying': 12, 'Biography & Autobiography': 12, 'School & Education': 12, 'Stories In Verse': 12, 'Girls & Women': 12, 'People & Places': 12, 'United States': 12}",25,25
Florida School for the Deaf & the Blind,Florida,100,0,0,25,"{'Juvenile Fiction': 75, 'Emotions & Feelings': 50, 'Juvenile Nonfiction': 50, 'Social Topics': 50, 'Social Themes': 25, 'Friendship': 25, 'Values & Virtues': 25, 'Art': 25, 'Science & Nature': 25, 'Classics': 25, 'Paranormal & Supernatural': 25, 'Self-Esteem & Self-Reliance': 25, 'Family': 25, 'Alternative Family': 25, 'Adoption': 25, 'Blended Families': 25, 'New Baby': 25, 'Concepts': 25}",4,4
Forsyth County Schools,Georgia,29,70,5,5,"{'Young Adult Fiction': 64, 'Social Themes': 58, 'Friendship': 29, 'Juvenile Fiction': 29, 'United States': 23, 'Family': 23, 'Romance': 23, 'Fiction': 23, 'Lgbtq': 17, 'Coming Of Age': 17, 'People & Places': 17, 'Girls & Women': 17, 'Literary': 17, 'Comics & Graphic Novels': 11, 'African American & Black': 11, 'Sexual Abuse': 11, 'Love & Romance': 11, 'School & Education': 11, 'Women': 11, 'Dating & Relationships': 11, 'Stories In Verse': 11, 'Dating & Sex': 11}",17,17
Fort Bend ISD,Texas,0,0,0,100,"{'Comics & Graphic Novels': 100, 'Nonfiction': 100, 'Biography & Memoir': 100, 'Lgbtq': 100, 'Biography & Autobiography': 100}",1,1
Fort Mill Schools,South Carolina,0,0,0,100,"{'Comics & Graphic Novels': 100, 'Nonfiction': 100, 'Biography & Memoir': 100, 'Lgbtq': 100, 'Biography & Autobiography': 100}",1,1
Fort Worth Independent School District,Texas,33,33,0,66,"{'Comics & Graphic Novels': 66, 'Lgbtq': 66, 'Young Adult Fiction': 33, 'Coming Of Age': 33, 'Nonfiction': 33, 'Biography & Memoir': 33, 'Biography & Autobiography': 33, 'Juvenile Nonfiction': 33, 'Health & Daily Living': 33, 'Sexuality & Pregnancy': 33, 'Maturing': 33, 'Science & Nature': 33, 'Anatomy & Physiology': 33}",3,3
Fox C-6 School District,Missouri,60,20,0,0,"{'Juvenile Fiction': 60, 'Social Themes': 60, 'Violence': 40, 'Literary': 40, 'Business, Careers, Occupations': 20, 'Family': 20, 'Siblings': 20, 'Adolescence & Coming Of Age': 20, 'Friendship': 20, 'Law & Crime': 20, 'Emotions & Feelings': 20, 'Sexual Abuse': 20, 'Young Adult Fiction': 20, 'Fiction': 20, 'Psychological': 20, 'Legal': 20, 'Women': 20, 'Family Life': 20, 'Prejudice & Racism': 20, 'People & Places': 20, 'United States': 20, 'African American & Black': 20, 'Comics & Graphic Novels': 20, 'Science Fiction': 20, 'Dystopian': 20}",5,5
Francis Howell School District,Missouri,0,100,0,0,"{'Young Adult Fiction': 100, 'Social Themes': 100, 'Friendship': 100, 'Romance': 100, 'Girls & Women': 100}",1,1
Franklin Regional School District,Pennsylvania,0,0,0,100,"{'Comics & Graphic Novels': 100, 'Nonfiction': 100, 'Biography & Memoir': 100, 'Biography & Autobiography': 100, 'Women': 100, 'History': 100, 'Middle East': 100, 'Iran': 100}",1,1
Fredericksburg Independent School District,Texas,45,50,7,19,"{'Social Themes': 57, 'Young Adult Fiction': 42, 'Juvenile Fiction': 38, 'Friendship': 21, 'Romance': 16, 'Dating & Sex': 16, 'Fiction': 16, 'Juvenile Nonfiction': 11, 'Social Topics': 11, 'Family': 11, 'School & Education': 11, 'Girls & Women': 11, 'Coming Of Age': 11}",42,42
Frisco Independent School District,Texas,40,48,4,17,"{'Young Adult Fiction': 44, 'Juvenile Fiction': 36, 'Social Themes': 33, 'Action & Adventure': 26, 'Fantasy': 25, 'Romance': 22, 'Fiction': 16, 'Family': 14, 'Comics & Graphic Novels': 13}",374,372
Gale-Ettrick-Trempealeau School District,Wisconsin,0,100,0,100,"{'Young Adult Nonfiction': 100, 'Social Topics': 100, 'Dating & Sex': 100, 'Science & Nature': 100, 'Anatomy & Physiology': 100, 'Zoology': 100, 'Animals': 100, 'Lgbtq': 100, 'Biology': 100}",1,1
Galesburg-Augusta Community Schools,Michigan,0,0,0,100,"{'Comics & Graphic Novels': 100, 'Nonfiction': 100, 'Biography & Memoir': 100, 'Lgbtq': 100, 'Biography & Autobiography': 100}",1,1
Gardner Edgerton School District 231,Kansas,0,42,0,0,"{'Romance': 71, 'Fiction': 57, 'Fantasy': 42, 'Epic': 42, 'Contemporary': 42, 'Young Adult Fiction': 42, 'Social Themes': 42, 'Dating & Sex': 42, 'Emotions & Feelings': 42, 'Death, Grief, Bereavement': 28, 'Paranormal': 14, 'Women': 14}",7,7
Gilchrist County Schools,Florida,77,0,0,11,"{'Juvenile Fiction': 66, 'Horror': 44, 'Monsters': 44, 'Fiction': 22, 'Science Fiction': 22, 'Juvenile Nonfiction': 11, 'History': 11, 'Ancient': 11, 'Prehistoric': 11, 'Social Science': 11, 'Archaeology': 11, 'Customs, Traditions, Anthropology': 11, 'Death & Dying': 11, 'Classics': 11, 'Media Tie-In': 11, 'Comics & Graphic Novels': 11, 'Social Themes': 11, 'Depression & Mental Illness': 11, 'Lifestyles': 11, 'Farm & Ranch Life': 11, 'Lgbtq': 11, 'Adolescence & Coming Of Age': 11, 'Horror Films': 11, 'Juvenile Literature': 11, 'Werewolf Films': 11, 'History And Criticism': 11, 'Werewolves': 11, 'Wolf Man (Motion Picture)': 11}",9,9
Gladwin Community Schools,Michigan,32,55,0,5,"{'Young Adult Fiction': 55, 'Social Themes': 52, 'Fiction': 32, 'Juvenile Fiction': 32, 'Romance': 23, 'Coming Of Age': 20, 'Sexual Abuse': 14, 'Literary': 14, 'Friendship': 14, 'Emotions & Feelings': 11, 'Fantasy': 11, 'School & Education': 11, 'Women': 11, 'Girls & Women': 11}",34,34
Goddard Public Schools,Kansas,24,48,3,34,"{'Social Themes': 34, 'Young Adult Fiction': 31, 'Lgbtq': 24, 'Fiction': 24, 'Social Topics': 20, 'Juvenile Fiction': 20, 'Young Adult Nonfiction': 17, 'Prejudice & Racism': 17, 'Biography & Autobiography': 13, 'United States': 13, 'Juvenile Nonfiction': 13, 'Emotions & Feelings': 13, 'Comics & Graphic Novels': 13, 'Literary': 13, 'Coming Of Age': 13}",29,29
Granbury Independent School District,Texas,41,74,0,12,"{'Young Adult Fiction': 67, 'Social Themes': 62, 'Lgbtq': 43, 'Juvenile Fiction': 36, 'Romance': 27, 'Friendship': 24, 'Family': 21, 'Dating & Sex': 21, 'Love & Romance': 11, 'Emotions & Feelings': 11}",133,132
Granite School District,Utah,27,54,8,11,"{'Young Adult Fiction': 51, 'Social Themes': 44, 'Fiction': 34, 'Romance': 31, 'Juvenile Fiction': 24, 'Dating & Sex': 21, 'Coming Of Age': 17, 'Lgbtq': 14, 'Contemporary': 12, 'Friendship': 12, 'People & Places': 11, 'Comics & Graphic Novels': 11, 'Literary': 11}",70,70
Greeley-Evans Weld County School District 6,Colorado,50,0,0,0,"{'Fiction': 50, 'Literary': 50, 'African American & Black': 50, 'Coming Of Age': 50, 'Juvenile Fiction': 50, 'Action & Adventure': 50, 'Juvenile Nonfiction': 50, 'School & Education': 50}",2,2
Grinnell-Newburg Community School District,Iowa,0,0,0,100,"{'Biography & Autobiography': 100, 'Literary Figures': 100, 'Women': 100, 'Editors, Journalists, Publishers': 100, 'Personal Memoirs': 100, 'Family & Relationships': 100, 'Dysfunctional Families': 100, 'Self-Help': 100, 'Adult Children Of Substance Abusers': 100, 'Social Science': 100, 'Poverty & Homelessness': 100}",1,1
Hamilton County Schools,Tennessee,64,28,0,7,"{'Juvenile Fiction': 64, 'Social Themes': 57, 'United States': 42, 'Family': 35, 'Prejudice & Racism': 35, 'People & Places': 35, 'Violence': 21, 'Young Adult Fiction': 21, 'African American & Black': 21, 'Historical': 21, '20Th Century': 21, 'Juvenile Nonfiction': 14, 'Social Topics': 14, 'Emotions & Feelings': 14, 'Siblings': 14, 'Romance': 14, 'Orphans & Foster Homes': 14, 'Fiction': 14, 'Media Tie-In': 14, 'Girls & Women': 14}",14,14
Hamilton Southeastern Schools,Indiana,0,100,0,0,"{'Young Adult Fiction': 100, 'Social Themes': 100, 'Prejudice & Racism': 100, 'Romance': 100, 'Historical': 100, 'United States': 100, '20Th Century': 100}",1,1
Hanover County Public Schools,Virginia,26,52,5,26,"{'Social Themes': 36, 'Young Adult Fiction': 36, 'Fiction': 26, 'Juvenile Fiction': 26, 'Lgbtq': 21, 'Family': 21, 'Coming Of Age': 21, 'Sexual Abuse': 21, 'Romance': 15, 'Young Adult Nonfiction': 15, 'Biography & Autobiography': 15, 'Comics & Graphic Novels': 15, 'Literary': 15}",19,19
Harlem School District 122,Illinois,0,0,0,100,"{'Comics & Graphic Novels': 100, 'Nonfiction': 100, 'Biography & Memoir': 100, 'Lgbtq': 100, 'Biography & Autobiography': 100}",1,1
Harrisonburg City Public Schools,Virginia,0,0,0,100,"{'Comics & Graphic Novels': 100, 'Nonfiction': 100, 'Biography & Memoir': 100, 'Lgbtq': 100, 'Biography & Autobiography': 100}",1,1
Haywood County Schools,North Carolina,0,100,0,0,"{'Young Adult Fiction': 100, 'People & Places': 100, 'United States': 100, 'African American & Black': 100, 'Social Themes': 100, 'Prejudice & Racism': 100, 'Violence': 100}",1,1
Henrico County Public Schools,Virginia,0,100,0,0,"{'Young Adult Fiction': 100, 'Fantasy': 50, 'Wizards & Witches': 50, 'Lgbtq': 50, 'Social Themes': 50, 'Prejudice & Racism': 50, 'Romance': 50, 'Historical': 50, 'United States': 50, '20Th Century': 50}",2,2
Hernando County Schools,Florida,72,63,4,13,"{'Juvenile Fiction': 72, 'Social Themes': 63, 'Young Adult Fiction': 63, 'Family': 50, 'Drugs, Alcohol, Substance Abuse': 27, 'Novels In Verse': 27, 'Juvenile Nonfiction': 22, 'Stories In Verse': 22, 'Parents': 18, 'Self-Esteem & Self-Reliance': 18, 'Social Topics': 18, 'People & Places': 13, 'United States': 13, 'Dating & Sex': 13, 'Women': 13, 'Coming Of Age': 13, 'Sexual Abuse': 13, 'Friendship': 13, 'Dating & Relationships': 13}",22,21
Highlands Schools,Florida,20,45,0,5,"{'Young Adult Fiction': 45, 'Fiction': 40, 'Social Themes': 40, 'Coming Of Age': 30, 'Literary': 20, 'Fantasy': 15, 'Romance': 15, 'Contemporary': 15, 'Juvenile Fiction': 15, 'Action & Adventure': 15}",20,20
Horry County Schools,South Carolina,47,66,4,14,"{'Social Themes': 71, 'Young Adult Fiction': 61, 'Juvenile Fiction': 47, 'Dating & Sex': 42, 'Lgbtq': 38, 'Drugs, Alcohol, Substance Abuse': 33, 'Romance': 23, 'Family': 23, 'People & Places': 19, 'United States': 19, 'Parents': 19, 'Self-Esteem & Self-Reliance': 14, 'Social Topics': 14, 'Friendship': 14}",21,21
Houston County School District,Tennessee,50,100,0,50,"{'Lgbtq': 100, 'Juvenile Fiction': 50, 'Social Themes': 50, 'Adolescence & Coming Of Age': 50, 'Young Adult Fiction': 50, 'Coming Of Age': 50, 'Friendship': 50, 'Young Adult Nonfiction': 50, 'Social Topics': 50, 'Class Differences': 50, 'Law & Crime': 50}",2,2
Hudson City Schools,Ohio,0,0,0,75,"{'Comics & Graphic Novels': 50, 'Games & Activities': 25, 'Guided Journals': 25, 'Language Arts & Disciplines': 25, 'Writing': 25, 'Social Science': 25, 'Popular Culture': 25, 'Manga': 25, 'Romance': 25, 'Crime & Mystery': 25, 'School Life': 25, 'Nonfiction': 25, 'Biography & Memoir': 25, 'Lgbtq': 25, 'Biography & Autobiography': 25, 'Fiction': 25, 'Coming Of Age': 25, 'Humorous': 25, 'Family Life': 25}",4,4
Hudsonville Public Schools,Michigan,0,0,0,50,"{'Fiction': 50, 'Literary': 50, 'War & Military': 50, 'Biography & Autobiography': 50}",2,2
Humble Independent School District,Texas,0,100,0,50,"{'Young Adult Nonfiction': 50, 'Lgbtq': 50, 'Biography & Autobiography': 50, 'Cultural, Ethnic & Regional': 50, 'Boys & Men': 50, 'Young Adult Fiction': 50, 'Romance': 50, 'Contemporary': 50, 'Social Themes': 50, 'Dating & Sex': 50}",2,2
Independence School District,Missouri,0,8,8,75,"{'Comics & Graphic Novels': 83, 'Lgbtq': 41, 'Manga': 25, 'Romance': 25, 'Literary': 25, 'Superheroes': 16, 'Coming Of Age': 16, 'Biography & Autobiography': 16, 'Nonfiction': 16, 'Biography & Memoir': 16, 'Fiction': 16}",12,11
Indian River County Schools,Florida,36,56,3,18,"{'Young Adult Fiction': 51, 'Social Themes': 44, 'Juvenile Fiction': 30, 'United States': 16, 'Fiction': 15, 'People & Places': 15, 'Friendship': 13, 'Romance': 12, 'Dating & Sex': 12, 'Lgbtq': 12, 'Girls & Women': 12}",166,166
Iowa City Community Schools,Iowa,0,100,0,100,"{'Young Adult Nonfiction': 100, 'Lgbtq': 100, 'Social Topics': 100, 'Dating & Sex': 100, 'Humor': 100}",1,1
Iredell-Statesville School District,North Carolina,0,100,0,0,"{'Young Adult Fiction': 100, 'Lgbtq': 100, 'Romance': 100, 'Social Themes': 100, 'Dating & Sex': 50, 'Emotions & Feelings': 50}",2,2
Jackson County School District,Florida,35,35,0,0,"{'Fiction': 50, 'Social Themes': 42, 'Juvenile Fiction': 35, 'Young Adult Fiction': 35, 'Coming Of Age': 28, 'Literary': 21, 'African American & Black': 14, 'Action & Adventure': 14, 'Friendship': 14, 'Dating & Sex': 14, 'Mysteries & Detective Stories': 14, 'Family': 14, 'Bullying': 14}",14,14
Jacksonville Independent School District,Texas,0,0,0,100,"{'Art': 100, 'Techniques': 100, 'Cartooning': 100, 'Biography & Autobiography': 100, 'Personal Memoirs': 100, 'Lgbtq': 100, 'Comics & Graphic Novels': 100, 'Literary': 100, 'Nonfiction': 100, 'Biography & Memoir': 100, 'Humorous': 100, 'Psychology': 100, 'Developmental': 100, 'Child': 100}",1,1
Jordan School District,Utah,28,57,28,28,"{'Social Themes': 42, 'Young Adult Fiction': 42, 'Fiction': 28, 'Friendship': 28, 'Dating & Sex': 28, 'Fantasy': 14, 'Romance': 14, 'Epic': 14, 'Contemporary': 14, 'Juvenile Fiction': 14, 'Self-Esteem & Self-Reliance': 14, 'Values & Virtues': 14, 'Suicide': 14, 'Poetry': 14, 'Subjects & Themes': 14, 'Inspirational & Religious': 14, 'Women Authors': 14, 'Love & Erotica': 14, 'Literary': 14, 'Science Fiction': 14, 'Apocalyptic & Post-Apocalyptic': 14, 'Health & Fitness': 14, 'Sexuality': 14, 'Juvenile Nonfiction': 14, 'Social Topics': 14, 'Dating & Relationships': 14, 'Psychology': 14, 'Human Sexuality': 14, 'Young Adult Nonfiction': 14, 'Health & Daily Living': 14, 'Performing Arts': 14, 'Music': 14, 'Humorous': 14, 'Girls & Women': 14}",7,7
Katy Independent School District,Texas,42,53,2,17,"{'Young Adult Fiction': 48, 'Social Themes': 44, 'Juvenile Fiction': 40, 'Romance': 25, 'Comics & Graphic Novels': 25, 'Contemporary': 17, 'Prejudice & Racism': 17, 'Biography & Autobiography': 14, 'History': 14, 'Historical': 14, 'Friendship': 14, 'Fiction': 12, 'Fantasy': 12, '20Th Century': 12, 'Holocaust': 12, 'Family': 12, 'Love & Romance': 12, 'United States': 12}",47,46
Keller Independent School District,Texas,36,58,6,13,"{'Young Adult Fiction': 56, 'Social Themes': 52, 'Juvenile Fiction': 33, 'Romance': 27, 'Lgbtq': 23, 'Comics & Graphic Novels': 17, 'Fiction': 16, 'Family': 16, 'Fantasy': 11}",96,90
Kent School District,Washington,66,100,0,33,"{'Lgbtq': 100, 'Juvenile Fiction': 66, 'Love & Romance': 66, 'Young Adult Fiction': 66, 'Romance': 66, 'Young Adult Nonfiction': 33, 'Biography & Autobiography': 33, 'Cultural, Ethnic & Regional': 33, 'Boys & Men': 33, 'Social Themes': 33, 'Bullying': 33, 'Dating & Sex': 33, 'Thrillers & Suspense': 33, 'Action & Adventure': 33}",3,3
Keokuk Community School District,Iowa,100,0,0,100,"{'African Americans': 100, 'Juvenile Literature': 100, 'Civil Rights': 100, 'History': 100, 'Discrimination': 100, 'Alabama': 100, 'Juvenile Nonfiction': 100, 'Law & Crime': 100, 'Law': 100, 'Civil Procedure': 100, 'Legal History': 100, 'Prisoners': 100, 'Scottsboro Trial': 100, 'Scottsboro': 100, 'Ala.': 100, '1931': 100, 'Trials (Rape)': 100}",1,1
Killeen Independent School District,Texas,25,50,25,50,"{'Young Adult Fiction': 50, 'Lgbtq': 50, 'Social Themes': 25, 'Dating & Sex': 25, 'Bullying': 25, 'Health & Daily Living': 25, 'Diseases, Illnesses & Injuries': 25, 'Comics & Graphic Novels': 25, 'Nonfiction': 25, 'Biography & Memoir': 25, 'Biography & Autobiography': 25, 'Romance': 25, 'Thrillers & Suspense': 25, 'Juvenile Fiction': 25, 'Action & Adventure': 25, 'Love & Romance': 25, 'Poetry': 25, 'Subjects & Themes': 25, 'Inspirational & Religious': 25, 'Women Authors': 25, 'Love & Erotica': 25}",4,4
Kirkwood School District,Missouri,14,7,21,71,"{'Comics & Graphic Novels': 50, 'Social Science': 21, 'Subjects & Themes': 21, 'Literary': 14, 'Dystopian': 14, 'Media Tie-In': 14, 'Fantasy': 14, 'Science Fiction': 14, 'Photography': 14, 'Individual Photographers': 14, 'Juvenile Nonfiction': 14, 'Poetry': 14, 'Women Authors': 14}",14,14
Klein Independent School District,Texas,31,40,5,60,"{'Juvenile Nonfiction': 28, 'Social Science': 25, 'Lgbtq': 25, 'Social Topics': 22, 'Health & Daily Living': 20, 'Young Adult Nonfiction': 20, 'Young Adult Fiction': 20, 'African American & Black': 17, 'Fiction': 17, 'Social Themes': 14, 'Sexuality & Pregnancy': 11, 'Biography & Autobiography': 11, 'United States': 11, 'Literary': 11, 'Coming Of Age': 11, 'Political Science': 11}",35,35
Kuna School District,Idaho,44,44,8,32,"{'Young Adult Fiction': 36, 'Social Themes': 36, 'Fiction': 32, 'Literary': 28, 'Lgbtq': 28, 'Juvenile Fiction': 28, 'Dating & Sex': 24, 'Friendship': 20, 'Emotions & Feelings': 16, 'Juvenile Nonfiction': 16, 'Biography & Autobiography': 12, 'Sexual Abuse': 12, 'Health & Daily Living': 12, 'Coming Of Age': 12}",25,25
Kutztown Area School District,Pennsylvania,0,0,0,100,"{'Comics & Graphic Novels': 100, 'Nonfiction': 100, 'Biography & Memoir': 100, 'Lgbtq': 100, 'Biography & Autobiography': 100}",1,1
Kutztown School District,Pennsylvania,100,0,0,0,"{'Juvenile Fiction': 100, 'Science & Nature': 100, 'Weather': 100, 'Environment': 100, 'Action & Adventure': 100, 'Survival Stories': 100}",1,1
Lake County Schools,Florida,53,46,0,7,"{'Young Adult Fiction': 46, 'Social Themes': 46, 'Juvenile Fiction': 46, 'Family': 38, 'School & Education': 30, 'Fiction': 30, 'Lgbtq': 23, 'Juvenile Nonfiction': 23, 'Friendship': 23, 'Literary': 23, 'Dating & Sex': 15, 'Animals': 15, 'Adoption': 15, 'Stories In Verse': 15, 'Death, Grief, Bereavement': 15, 'Family Life': 15, 'Media Tie-In': 15}",13,13
Lake Forest Schools,Illinois,0,0,0,50,"{'Comics & Graphic Novels': 100, 'Nonfiction': 50, 'Biography & Memoir': 50, 'Lgbtq': 50, 'Biography & Autobiography': 50, 'Science Fiction': 50, 'Fiction': 50, 'Action & Adventure': 50}",2,2
Lake Travis Independent School District,Texas,46,46,6,0,"{'Social Themes': 53, 'Young Adult Fiction': 46, 'Juvenile Fiction': 46, 'Friendship': 33, 'Romance': 26, 'Fiction': 26, 'Coming Of Age': 26, 'Love & Romance': 20, 'Women': 20, 'Girls & Women': 20, 'Lgbtq': 13, 'Sports & Recreation': 13, 'Fantasy': 13, 'Paranormal': 13, 'United States': 13, 'Comics & Graphic Novels': 13, 'Novels In Verse': 13}",15,15
Lamar Consolidated Independent School District,Texas,42,71,0,14,"{'Young Adult Fiction': 57, 'Social Themes': 57, 'Romance': 42, 'Juvenile Fiction': 42, 'Lgbtq': 28, 'Contemporary': 28, 'Dating & Sex': 28, 'Love & Romance': 28, 'Humorous': 28, 'Friendship': 28, 'Young Adult Nonfiction': 14, 'Biography & Autobiography': 14, 'Cultural, Ethnic & Regional': 14, 'Boys & Men': 14, 'Thrillers & Suspense': 14, 'Action & Adventure': 14, 'Fiction': 14, 'Coming Of Age': 14, 'Family Life': 14, 'Health & Daily Living': 14, 'Diseases, Illnesses & Injuries': 14, 'Black Comedy': 14, 'Death, Grief, Bereavement': 14, 'Religious': 14, 'Jewish': 14, 'School & Education': 14, 'Comics & Graphic Novels': 14, 'Sports & Recreation': 14, 'Soccer': 14, 'Self-Esteem & Self-Reliance': 14, 'Dating & Relationships': 14}",7,7
Leander Independent School District,Texas,0,45,0,36,"{'Comics & Graphic Novels': 36, 'Young Adult Fiction': 27, 'Social Themes': 27, 'Fiction': 27, 'Literary': 27, 'Science Fiction': 27, 'Young Adult Nonfiction': 18, 'Biography & Autobiography': 18, 'Lgbtq': 18, 'Social Topics': 18, 'Dating & Sex': 18, 'Sexual Abuse': 18, 'Dystopian': 18}",11,11
Lee County Schools,Florida,36,43,3,10,"{'Social Themes': 46, 'Young Adult Fiction': 36, 'Juvenile Fiction': 33, 'Fiction': 23, 'Lgbtq': 16, 'Family': 16, 'Bullying': 16, 'Literary': 16, 'Coming Of Age': 16, 'Dating & Sex': 13, 'African American & Black': 13, 'People & Places': 13}",30,30
Lexington County School District 3,South Carolina,0,100,0,100,"{'Young Adult Nonfiction': 100, 'Social Topics': 100, 'Prejudice & Racism': 100, 'People & Places': 100, 'United States': 100, 'African American & Black': 100, 'Civil & Human Rights': 100, 'Social Science': 100, 'Politics & Government': 100, 'History': 100}",1,1
Lexington-Richland School District 5,South Carolina,50,0,0,50,"{'African American & Black': 100, 'Biography & Autobiography': 50, 'Personal Memoirs': 50, 'Social Science': 50, 'Discrimination': 50, 'Cultural, Ethnic & Regional': 50, 'Juvenile Fiction': 50, 'People & Places': 50, 'United States': 50, 'Social Themes': 50, 'Values & Virtues': 50}",2,2
Lindbergh Schools,Missouri,5,15,10,55,"{'Comics & Graphic Novels': 75, 'Fantasy': 30, 'Fiction': 30, 'Action & Adventure': 30, 'Epic': 20, 'Media Tie-In': 20, 'Horror': 20, 'Lgbtq': 15}",20,20
Loudoun County Public Schools,Virginia,0,0,33,100,"{'Drama': 33, 'American': 33, 'Performing Arts': 33, 'Theater': 33, 'Comics & Graphic Novels': 33, 'Nonfiction': 33, 'Biography & Memoir': 33, 'Lgbtq': 33, 'Biography & Autobiography': 33, 'Health & Fitness': 33, 'Sexuality': 33, 'Psychology': 33, 'Human Sexuality': 33, 'Social Science': 33, 'Gender Studies': 33}",3,3
Lower Township Elementary School District,New Jersey,100,100,0,0,"{'Juvenile Fiction': 100, 'Mysteries & Detective Stories': 100, 'Young Adult Fiction': 100, 'Lifestyles': 100, 'City & Town Life': 100, 'Social Themes': 100, 'Friendship': 100, 'Sports & Recreation': 100, 'Basketball': 100}",1,1
Madison County Public Schools,Virginia,10,40,0,0,"{'Fiction': 60, 'Young Adult Fiction': 40, 'Romance': 40, 'Literary': 35, 'Dystopian': 35, 'Fantasy': 30, 'Paranormal': 30, 'Science Fiction': 25, 'Action & Adventure': 25, 'Contemporary': 20, 'Coming Of Age': 20, 'Thrillers': 15, 'Suspense': 15, 'Dark Fantasy': 15, 'Science & Nature': 15, 'Social Themes': 15, 'Women': 15, 'African American & Black': 15}",20,20
Madison County Schools,Mississippi,31,72,0,13,"{'Young Adult Fiction': 59, 'Social Themes': 54, 'United States': 31, 'People & Places': 27, 'African American & Black': 27, 'Juvenile Fiction': 22, 'Prejudice & Racism': 18, 'Violence': 18, 'Fiction': 18, 'Romance': 18, 'School & Education': 13, 'Coming Of Age': 13, 'Young Adult Nonfiction': 13, 'Contemporary': 13, 'Juvenile Nonfiction': 13}",22,22
Mahopac Central School District,New York,0,75,0,25,"{'Young Adult Fiction': 50, 'Social Themes': 50, 'Prejudice & Racism': 50, 'Violence': 25, 'Law & Crime': 25, 'Death, Grief, Bereavement': 25, 'Friendship': 25, 'Self-Esteem & Self-Reliance': 25, 'Young Adult Nonfiction': 25, 'Social Topics': 25, 'People & Places': 25, 'United States': 25, 'African American & Black': 25, 'Civil & Human Rights': 25, 'Social Science': 25, 'Politics & Government': 25, 'History': 25, 'Fiction': 25, 'Media Tie-In': 25}",4,4
Maine School Administrative District #52,Maine,0,50,50,100,"{'Comics & Graphic Novels': 100, 'Nonfiction': 50, 'Biography & Memoir': 50, 'Lgbtq': 50, 'Biography & Autobiography': 50, 'Young Adult Nonfiction': 50, 'Social Topics': 50, 'History': 50}",2,2
Maine School Administrative District #6,Maine,25,25,0,12,"{'Fiction': 50, 'Juvenile Fiction': 25, 'Animals': 25, 'Family': 25, 'Social Themes': 25, 'Young Adult Fiction': 25, 'Romance': 25, 'Women': 25, 'Action & Adventure': 12, 'Dragons, Unicorns & Mythical': 12, 'Fantasy & Magic': 12, 'Science Fiction': 12, 'Love & Romance': 12, 'Mystery & Detective': 12, 'Amateur Sleuth': 12, 'Cozy': 12, 'Women Sleuths': 12, 'Biography & Autobiography': 12, 'Literary Figures': 12, 'Editors, Journalists, Publishers': 12, 'Personal Memoirs': 12, 'Law': 12, 'Legal History': 12, 'Social Science': 12, ""Women'S Studies"": 12, 'True Crime': 12, 'Sexual Assault': 12, 'Health & Daily Living': 12, 'Diseases, Illnesses & Injuries': 12, 'Humorous': 12, 'Black Comedy': 12, 'Friendship': 12, 'Death, Grief, Bereavement': 12, 'Religious': 12, 'Jewish': 12, 'School & Education': 12, 'African American & Black': 12, 'Urban & Street Lit': 12, 'Coming Of Age': 12, 'Romantic Comedy': 12, 'Multicultural & Interracial': 12, 'Contemporary': 12}",8,8
Marion County Public Schools,Florida,41,48,12,45,"{'Lgbtq': 38, 'Social Themes': 33, 'Young Adult Fiction': 30, 'Juvenile Nonfiction': 25, 'Juvenile Fiction': 19, 'Young Adult Nonfiction': 17, 'Social Science': 17, 'Social Topics': 16, 'Fiction': 14, 'Friendship': 14, 'Coming Of Age': 12, 'Dating & Sex': 11, 'Lgbtq+ Studies': 11}",62,62
Marlboro Central School District,New York,0,100,0,0,"{'Young Adult Fiction': 100, 'People & Places': 100, 'United States': 100, 'Social Themes': 100, 'African American & Black': 50, 'Prejudice & Racism': 50, 'Violence': 50, 'Novels In Verse': 50, 'Coming Of Age': 50, 'Emigration & Immigration': 50, 'Hispanic & Latino': 50}",2,2
Martin County Schools,Florida,24,41,0,2,"{'Fiction': 47, 'Young Adult Fiction': 40, 'Social Themes': 37, 'Romance': 29, 'Women': 27, 'Juvenile Fiction': 23, 'Contemporary': 18, 'Literary': 18, 'Family Life': 13, 'Family': 13, 'Friendship': 12}",122,122
McMinn County Schools,Tennessee,0,0,0,100,"{'Comics & Graphic Novels': 100, 'Nonfiction': 100, 'History': 100, 'Modern': 100, '20Th Century': 100, 'Holocaust': 100, 'Biography & Autobiography': 100, 'Personal Memoirs': 100}",1,1
Medford School District 549C,Oregon,0,0,0,0,"{'Comics & Graphic Novels': 100, 'Literary': 100, 'Science Fiction': 100, 'Dystopian': 100}",1,1
Mehlville School District,Missouri,0,20,0,40,"{'Comics & Graphic Novels': 100, 'Lgbtq': 60, 'Anthologies': 20, 'Fiction': 20, 'Lgbtq+': 20, 'Gay': 20, 'Young Adult Fiction': 20, 'Coming Of Age': 20, 'Nonfiction': 20, 'Biography & Memoir': 20, 'Biography & Autobiography': 20, 'Literary': 20, 'Science Fiction': 20, 'Dystopian': 20, 'Superheroes': 20}",5,5
Miami-Dade Public Schools,Florida,62,0,0,62,"{'Juvenile Nonfiction': 50, 'History': 37, 'People & Places': 37, 'Fiction': 25, 'Caribbean & Latin America': 25, 'Family': 25, 'Literary': 25, 'Biography & Autobiography': 25, 'Cultural, Ethnic & Regional': 25, 'Poetry': 25, 'African American & Black': 25, 'Fantasy': 12, 'Romance': 12, 'Epic': 12, 'Contemporary': 12, 'Central & South America': 12, 'Caribbean & West Indies': 12, 'Juvenile Fiction': 12, 'Parents': 12, 'Lgbtq': 12, 'Coming Of Age': 12, 'Women': 12, 'Family Life': 12, 'Marriage & Divorce': 12, 'United States': 12, 'Social Topics': 12, 'Prejudice & Racism': 12, 'Concepts': 12, 'Alphabet': 12, 'American': 12}",8,8
Middlebury Community Schools,Indiana,12,100,0,12,"{'Young Adult Fiction': 87, 'Social Themes': 87, 'Family': 37, 'Romance': 37, 'Prejudice & Racism': 25, 'Violence': 25, 'United States': 25, 'Emotions & Feelings': 25, 'Orphans & Foster Homes': 25, 'Law & Crime': 12, 'People & Places': 12, 'Hispanic & Latino': 12, 'Lgbtq': 12, 'Bullying': 12, 'Self-Esteem & Self-Reliance': 12, 'Physical & Emotional Abuse': 12, 'Boys & Men': 12, 'Adoption': 12, 'Siblings': 12, 'Pregnancy': 12, 'Contemporary': 12, 'Historical': 12, '20Th Century': 12, 'Dating & Sex': 12, 'Friendship': 12, 'Girls & Women': 12, 'Biography & Autobiography': 12, 'Family & Relationships': 12, 'Adoption & Fostering': 12, 'Juvenile Nonfiction': 12, 'Social Activists': 12, 'Reference': 12, 'Political Science': 12, 'Public Policy': 12, 'Social Services & Welfare': 12, 'Young Adult Nonfiction': 12, 'Women': 12, 'Social Topics': 12, 'Poverty & Homelessness': 12}",8,8
Milan Area Schools,Michigan,0,0,0,100,"{'Art': 100, 'Techniques': 100, 'Cartooning': 100, 'Biography & Autobiography': 100, 'Personal Memoirs': 100, 'Lgbtq': 100, 'Comics & Graphic Novels': 100, 'Literary': 100, 'Nonfiction': 100, 'Biography & Memoir': 100, 'Humorous': 100, 'Psychology': 100, 'Developmental': 100, 'Child': 100}",1,1
Monett R-1 School District,Missouri,0,100,0,0,"{'Young Adult Fiction': 100, 'People & Places': 100, 'United States': 100, 'African American & Black': 100, 'Social Themes': 100, 'Prejudice & Racism': 100, 'Violence': 100}",1,1
Moore County Schools,North Carolina,0,100,0,0,"{'Young Adult Fiction': 100, 'Social Themes': 100, 'Friendship': 50, 'Diversity & Multicultural': 50, 'Prejudice & Racism': 50, 'Romance': 50, 'Historical': 50, 'United States': 50, '20Th Century': 50}",2,2
Muskego-Norway Schools,Wisconsin,0,0,0,0,"{'Fiction': 100, 'War & Military': 100, 'Cultural Heritage': 100, 'Asian American': 100}",1,1
Nampa School District,Idaho,39,56,4,8,"{'Social Themes': 56, 'Young Adult Fiction': 52, 'Juvenile Fiction': 34, 'Romance': 30, 'Fiction': 26, 'Friendship': 21, 'Historical': 17, 'Sexual Abuse': 13, 'Coming Of Age': 13, 'Contemporary': 13, 'Action & Adventure': 13, 'Juvenile Nonfiction': 13, 'School & Education': 13, 'Literary': 13}",23,23
Natrona County Schools,Wyoming,60,60,20,40,"{'Juvenile Fiction': 60, 'Family': 60, 'Young Adult Fiction': 60, 'Drugs, Alcohol, Substance Abuse': 40, 'Social Themes': 40, 'Parents': 40, 'Coming Of Age': 40, 'Novels In Verse': 40, 'Juvenile Nonfiction': 20, 'Social Topics': 20, 'School & Education': 20, 'Stories In Verse': 20, 'Dating & Sex': 20, 'Pregnancy': 20, 'Siblings': 20, 'Adolescence & Coming Of Age': 20, 'Comics & Graphic Novels': 20, 'Nonfiction': 20, 'Biography & Memoir': 20, 'Lgbtq': 20, 'Biography & Autobiography': 20, 'Psychology': 20, 'Human Sexuality': 20, 'Social Science': 20, 'Social Work': 20, 'Gender Studies': 20, 'Lgbtq+ Studies': 20, 'Transgender Studies': 20, 'Love & Romance': 20}",5,5
Nebo School District,Utah,17,35,0,5,"{'Fiction': 70, 'Fantasy': 52, 'Romance': 47, 'Epic': 41, 'Young Adult Fiction': 29, 'Contemporary': 23, 'Coming Of Age': 17, 'Juvenile Fiction': 17, 'Social Themes': 17, 'Literary': 17, 'People & Places': 11, 'Friendship': 11, 'Paranormal': 11, 'Lgbtq': 11}",17,17
New Kent County Public Schools,Virginia,0,100,0,0,"{'Young Adult Fiction': 100, 'Novels In Verse': 100, 'Coming Of Age': 100, 'Social Themes': 100, 'Emigration & Immigration': 100, 'People & Places': 100, 'United States': 100, 'Hispanic & Latino': 100}",1,1
Nixa Public Schools,Missouri,16,25,0,29,"{'Fiction': 41, 'Romance': 37, 'Fantasy': 29, 'Epic': 25, 'Social Themes': 25, 'Young Adult Fiction': 20, 'Literary': 20, 'Contemporary': 16, 'Biography & Autobiography': 16, 'African American & Black': 16, 'Comics & Graphic Novels': 16, 'United States': 12, 'Personal Memoirs': 12, 'Friendship': 12, 'Juvenile Fiction': 12}",24,23
North East Independent School District,Texas,46,59,4,27,"{'Lgbtq': 52, 'Young Adult Fiction': 50, 'Social Themes': 45, 'Juvenile Fiction': 31, 'Juvenile Nonfiction': 19, 'Romance': 17, 'Family': 17, 'Social Topics': 16, 'Friendship': 16, 'Dating & Sex': 13}",435,435
North Kansas City Schools,Missouri,0,33,11,44,"{'Comics & Graphic Novels': 66, 'Lgbtq': 55, 'Literary': 44, 'Fiction': 33, 'Young Adult Nonfiction': 22, 'Biography & Autobiography': 22, 'Coming Of Age': 22, 'Nonfiction': 22, 'Cultural, Ethnic & Regional': 11, 'Boys & Men': 11, 'Anthologies': 11, 'Lgbtq+': 11, 'Gay': 11, 'Young Adult Fiction': 11, 'Art': 11, 'Techniques': 11, 'Cartooning': 11, 'Personal Memoirs': 11, 'Biography & Memoir': 11, 'Humorous': 11, 'Psychology': 11, 'Developmental': 11, 'Child': 11, 'Science Fiction': 11, 'Dystopian': 11, 'Poetry': 11, 'Canadian': 11, 'Women Authors': 11, 'Subjects & Themes': 11, 'Family': 11, 'Social Topics': 11, 'Dating & Sex': 11, 'Humor': 11, 'History': 11, 'Middle East': 11, 'Iran': 11, 'True Crime': 11, 'Abductions, Kidnappings & Missing Persons': 11}",9,9
North Penn School District,Pennsylvania,0,33,0,66,"{'Lgbtq': 66, 'Biography & Autobiography': 66, 'Young Adult Nonfiction': 33, 'Cultural, Ethnic & Regional': 33, 'Boys & Men': 33, 'Comics & Graphic Novels': 33, 'Nonfiction': 33, 'Biography & Memoir': 33, 'Fiction': 33, 'Coming Of Age': 33, 'Humorous': 33, 'Family Life': 33}",3,3
Novi Community School District,Michigan,0,0,0,0,"{'Fiction': 100, 'Coming Of Age': 100, 'Humorous': 100, 'Family Life': 100}",1,1
Oconomowoc Area School District,Wisconsin,0,100,0,100,"{'Young Adult Nonfiction': 100, 'Lgbtq': 100, 'Social Topics': 100, 'Class Differences': 100, 'Law & Crime': 100}",1,1
Ogden School District,Utah,100,0,0,100,"{'Juvenile Nonfiction': 100, 'Lgbtq': 100, 'Biography & Autobiography': 100, 'Concepts': 50, 'Body': 50, 'Social Activists': 50, 'History': 50, 'United States': 50, '20Th Century': 50}",2,2
Okaloosa County Schools District,Florida,28,47,0,0,"{'Young Adult Fiction': 47, 'Social Themes': 42, 'Fiction': 38, 'Juvenile Fiction': 28, 'Coming Of Age': 23, 'Literary': 19, 'Romance': 19, 'Action & Adventure': 14, 'Dating & Sex': 14, 'Fantasy': 14, 'Family': 14}",21,21
Orange County Public Schools,Florida,38,46,15,46,"{'Lgbtq': 30, 'Comics & Graphic Novels': 30, 'Family': 30, 'Juvenile Fiction': 30, 'Coming Of Age': 30, 'Young Adult Nonfiction': 23, 'Biography & Autobiography': 23, 'Young Adult Fiction': 23, 'Boys & Men': 15, 'Humorous': 15, 'Nonfiction': 15, 'Biography & Memoir': 15, 'Social Themes': 15, 'Sexual Abuse': 15, 'Fiction': 15, 'Social Topics': 15, 'Novels In Verse': 15, 'Love & Romance': 15}",13,11
Osceola County School District,Florida,3,29,3,12,"{'Comics & Graphic Novels': 70, 'Manga': 67, 'Science Fiction': 64, 'Media Tie-In': 64, 'Humorous': 64, 'Young Adult Fiction': 22, 'Social Themes': 19, 'Death, Grief, Bereavement': 12, 'Friendship': 12}",31,27
Ottumwa Community School District,Iowa,100,0,0,0,"{'Juvenile Fiction': 100, 'Action & Adventure': 100, 'Juvenile Nonfiction': 100, 'School & Education': 100}",1,1
Palm Beach County School District,Florida,80,3,0,26,"{'Juvenile Fiction': 61, 'Lgbtq': 57, 'Social Themes': 42, 'Friendship': 26, 'Juvenile Nonfiction': 23, 'Adolescence & Coming Of Age': 15, 'Bullying': 15, 'Family': 15, 'Self-Esteem & Self-Reliance': 15, 'United States': 15, 'African American & Black': 15, 'Emotions & Feelings': 11, 'Biography & Autobiography': 11, 'History': 11, '20Th Century': 11, 'Fiction': 11, 'People & Places': 11}",26,26
Park County School District #1,Wyoming,20,70,0,0,"{'Young Adult Fiction': 70, 'Social Themes': 70, 'Romance': 30, 'Dating & Sex': 30, 'Fiction': 30, 'Women': 30, 'Juvenile Fiction': 20, 'Sexual Abuse': 20}",10,10
Patrick Public Schools,Virginia,100,0,0,0,"{'Juvenile Fiction': 100, 'Action & Adventure': 100}",1,1
Pawtucket School Department,Rhode Island,0,0,0,100,"{'Art': 100, 'Techniques': 100, 'Cartooning': 100, 'Biography & Autobiography': 100, 'Personal Memoirs': 100, 'Lgbtq': 100, 'Comics & Graphic Novels': 100, 'Literary': 100, 'Nonfiction': 100, 'Biography & Memoir': 100, 'Humorous': 100, 'Psychology': 100, 'Developmental': 100, 'Child': 100}",1,1
Pender County Schools,North Carolina,19,60,2,7,"{'Social Themes': 58, 'Young Adult Fiction': 56, 'Fiction': 31, 'Lgbtq': 19, 'Juvenile Fiction': 19, 'Romance': 17, 'Friendship': 17, 'Literary': 14, 'Fantasy': 12, 'Family': 12, 'Sexual Abuse': 12, 'Bullying': 12}",41,41
Penncrest School District,Pennsylvania,26,39,3,23,"{'Young Adult Fiction': 36, 'Fiction': 33, 'Social Themes': 33, 'Juvenile Fiction': 23, 'Romance': 14, 'Literary': 12, 'Fantasy': 12, 'Family': 11, 'Comics & Graphic Novels': 11, 'Epic': 11}",151,150
Pennridge School District,Pennsylvania,33,66,0,0,"{'Young Adult Fiction': 66, 'Social Themes': 66, 'Family': 66, 'Parents': 66, 'People & Places': 66, 'Emigration & Immigration': 33, 'Coming Of Age': 33, 'Magical Realism': 33, 'Caribbean & Latin America': 33, 'Juvenile Fiction': 33, 'Alternative Family': 33, 'Lgbtq': 33, 'United States': 33, 'African American & Black': 33, 'Prejudice & Racism': 33, 'Diversity & Multicultural': 33}",3,3
Perkiomen Valley School District,Pennsylvania,0,50,0,0,"{'Fiction': 50, 'Literary': 50, 'Women': 50, 'Coming Of Age': 50, 'Young Adult Fiction': 50, 'Novels In Verse': 50, 'Lgbtq': 50, 'Diversity & Multicultural': 50, 'Social Themes': 50, 'Prejudice & Racism': 50, 'People & Places': 50, 'Europe': 50}",2,2
Pinellas County Schools,Florida,0,0,0,50,"{'Comics & Graphic Novels': 50, 'Nonfiction': 50, 'Biography & Memoir': 50, 'Lgbtq': 50, 'Biography & Autobiography': 50, 'Fiction': 50, 'Literary': 50, 'African American & Black': 50, 'Coming Of Age': 50}",2,2
Pitt County Schools,North Carolina,40,60,0,20,"{'Young Adult Fiction': 60, 'Social Themes': 60, 'African American & Black': 60, 'Violence': 40, 'Juvenile Nonfiction': 40, 'Social Topics': 40, 'Bullying': 40, 'Juvenile Fiction': 40, 'People & Places': 40, 'United States': 40, 'Prejudice & Racism': 20, 'Law & Crime': 20, 'School & Education': 20, 'Action & Adventure': 20, 'Romance': 20, 'Family': 20, 'Siblings': 20, 'Blended Families': 20, 'Physical & Emotional Abuse': 20, 'Asian American & Pacific Islander': 20, 'Sports & Recreation': 20, 'Basketball': 20, 'Biography & Autobiography': 20, 'Jewish': 20, 'History': 20, 'Modern': 20, '20Th Century': 20, 'Holocaust': 20, 'Fiction': 20, 'Classics': 20, 'Literary': 20, 'Legal': 20, 'Coming Of Age': 20, 'Family Life': 20}",5,5
Plattsmouth Community Schools,Nebraska,33,33,16,0,"{'Social Themes': 50, 'Fiction': 50, 'Juvenile Fiction': 33, 'Young Adult Fiction': 33, 'Friendship': 33, 'Juvenile Nonfiction': 16, 'Social Topics': 16, 'Drugs, Alcohol, Substance Abuse': 16, 'Family': 16, 'School & Education': 16, 'Stories In Verse': 16, 'Parents': 16, 'Dating & Sex': 16, 'Pregnancy': 16, 'Death, Grief, Bereavement': 16, 'Self-Esteem & Self-Reliance': 16, 'Bullying': 16, 'Lgbtq': 16, 'Romance': 16, 'Lgbt': 16, 'Gay': 16, 'Romantic Comedy': 16, 'Literary': 16, 'Satire': 16, 'War & Military': 16, 'Media Tie-In': 16}",6,6
Pleasant Valley School District,Pennsylvania,25,51,3,14,"{'Young Adult Fiction': 40, 'Social Themes': 37, 'Fiction': 33, 'Lgbtq': 29, 'Coming Of Age': 22, 'Juvenile Fiction': 22, 'Romance': 18, 'Dating & Sex': 18, 'Literary': 18, 'Social Topics': 14, 'Friendship': 14, 'Juvenile Nonfiction': 11, 'Family': 11, 'Young Adult Nonfiction': 11, 'Bullying': 11, 'Action & Adventure': 11, 'Fantasy': 11}",27,27
Polk County Public Schools,Florida,37,43,6,12,"{'Young Adult Fiction': 43, 'Social Themes': 43, 'Lgbtq': 31, 'Fiction': 31, 'Romance': 25, 'Literary': 25, 'Coming Of Age': 25, 'Juvenile Fiction': 25, 'Dating & Sex': 18, 'Friendship': 18, 'African American & Black': 12, 'Women': 12, 'Family Life': 12, 'Juvenile Nonfiction': 12, 'Bullying': 12, 'Love & Romance': 12, 'Emotions & Feelings': 12}",16,16
Portage Public Schools,Michigan,0,0,0,0,"{'Fiction': 100, 'African American & Black': 100, 'Urban & Street Lit': 100, 'Coming Of Age': 100, 'Women': 100}",1,1
Prosper Independent School District,Texas,60,86,4,13,"{'Young Adult Fiction': 82, 'Social Themes': 78, 'Juvenile Fiction': 52, 'Family': 39, 'Dating & Sex': 34, 'Lgbtq': 30, 'Drugs, Alcohol, Substance Abuse': 30, 'Juvenile Nonfiction': 26, 'Coming Of Age': 21, 'Self-Esteem & Self-Reliance': 21, 'Social Topics': 21, 'Stories In Verse': 21, 'Novels In Verse': 21, 'Friendship': 17, 'Sexual Abuse': 17, 'Parents': 17, 'United States': 17, 'Emotions & Feelings': 13, 'People & Places': 13, 'Prejudice & Racism': 13}",23,23
ROWVA CUSD 208,Illinois,0,0,0,0,"{'Fiction': 100, 'Media Tie-In': 100}",1,1
Rapid City Area Schools,South Dakota,20,20,20,20,"{'Literary': 80, 'Fiction': 80, 'African American & Black': 40, 'Family Life': 40, 'Art': 20, 'Techniques': 20, 'Cartooning': 20, 'Biography & Autobiography': 20, 'Personal Memoirs': 20, 'Lgbtq': 20, 'Comics & Graphic Novels': 20, 'Nonfiction': 20, 'Biography & Memoir': 20, 'Humorous': 20, 'Psychology': 20, 'Developmental': 20, 'Child': 20, 'Women': 20, 'Lgbtq+': 20, 'Lesbian': 20, 'Transgender': 20, 'Thrillers': 20, 'Technological': 20, 'Dystopian': 20, 'Classics': 20, 'Media Tie-In': 20, 'Coming Of Age': 20, 'Juvenile Fiction': 20, 'School & Education': 20, 'Social Themes': 20, 'Emotions & Feelings': 20, 'Friendship': 20, 'Young Adult Fiction': 20}",5,5
Rapid River Public Schools,Michigan,0,0,0,0,"{'Fiction': 100, 'Fantasy': 100}",1,1
Raytown Quality Schools,Missouri,0,33,33,66,"{'Comics & Graphic Novels': 66, 'Young Adult Fiction': 33, 'Coming Of Age': 33, 'Lgbtq': 33, 'Literary': 33, 'Poetry': 33, 'Canadian': 33, 'Women Authors': 33, 'Subjects & Themes': 33, 'Family': 33}",3,3
Regional School Unit #24,Maine,0,50,50,100,"{'Comics & Graphic Novels': 50, 'Nonfiction': 50, 'Biography & Memoir': 50, 'Lgbtq': 50, 'Biography & Autobiography': 50, 'Young Adult Nonfiction': 50, 'Inspirational & Personal Growth': 50, 'Lgbt': 50, 'Social Topics': 50, 'Dating & Sex': 50}",2,2
Regional School Unit #56,Maine,0,0,0,100,"{'Comics & Graphic Novels': 100, 'Nonfiction': 100, 'Biography & Memoir': 100, 'Lgbtq': 100, 'Biography & Autobiography': 100}",1,1
Regional School Unit No. 56,Maine,0,0,0,100,"{'Comics & Graphic Novels': 100, 'Nonfiction': 100, 'Biography & Memoir': 100, 'Lgbtq': 100, 'Biography & Autobiography': 100}",1,1
Richardson Independent School District,Texas,0,100,0,0,"{'Young Adult Fiction': 100, 'Social Themes': 100, 'Family': 50, 'People & Places': 50, 'United States': 50, 'Hispanic & Latino': 50, 'Violence': 50, 'Bullying': 50, 'Self-Esteem & Self-Reliance': 50, 'Physical & Emotional Abuse': 50, 'Boys & Men': 50, 'Emotions & Feelings': 50}",2,2
Ritenour School District,Missouri,0,0,0,100,"{'Comics & Graphic Novels': 100, 'Nonfiction': 100, 'History': 100, 'Modern': 100, '20Th Century': 100, 'Holocaust': 100, 'Biography & Autobiography': 100, 'Personal Memoirs': 100}",1,1
Roanoke County Public Schools,Virginia,100,0,0,0,"{'Juvenile Fiction': 100, 'Family': 100, 'New Baby': 100, 'Parents': 100, 'Siblings': 100, 'Lgbtq': 100}",1,1
Robertson County Schools,Tennessee,0,100,0,0,"{'Young Adult Fiction': 100, 'Social Themes': 100, 'Dating & Sex': 100, 'Death, Grief, Bereavement': 100, 'Emotions & Feelings': 100, 'Runaways': 100}",1,1
Rochester Community Schools District,Michigan,0,60,0,40,"{'Lgbtq': 60, 'Biography & Autobiography': 40, 'Young Adult Fiction': 40, 'Comics & Graphic Novels': 40, 'Humorous': 40, 'Young Adult Nonfiction': 20, 'Cultural, Ethnic & Regional': 20, 'Boys & Men': 20, 'Coming Of Age': 20, 'Art': 20, 'Techniques': 20, 'Cartooning': 20, 'Personal Memoirs': 20, 'Literary': 20, 'Nonfiction': 20, 'Biography & Memoir': 20, 'Psychology': 20, 'Developmental': 20, 'Child': 20, 'Fiction': 20, 'Dystopian': 20, 'Feminist': 20, 'Women': 20, 'Performing Arts': 20, 'Music': 20, 'Social Themes': 20, 'Friendship': 20}",5,5
Rockwood School District,Missouri,8,24,12,56,"{'Comics & Graphic Novels': 84, 'Literary': 32, 'Lgbtq': 20, 'Fiction': 20, 'Young Adult Fiction': 16, 'Nonfiction': 12, 'Social Themes': 12}",25,25
Roxbury Public Schools,New Jersey,0,100,100,100,"{'Young Adult Nonfiction': 100, 'Comics & Graphic Novels': 100, 'Social Topics': 100, 'History': 100}",1,1
Santa Rosa County District Schools,Florida,25,33,4,16,"{'Fiction': 45, 'Young Adult Fiction': 33, 'Literary': 29, 'Social Themes': 25, 'Romance': 20, 'Coming Of Age': 20, 'Women': 16, 'Juvenile Fiction': 16, 'Juvenile Nonfiction': 16, 'Humorous': 12, 'African American & Black': 12, 'School & Education': 12, 'Family': 12, 'Dating & Sex': 12, 'Comics & Graphic Novels': 12, 'Nonfiction': 12, 'Bullying': 12}",24,23
Sarasota County Schools,Florida,60,0,0,0,"{'Juvenile Fiction': 60, 'Social Themes': 60, 'Family': 40, 'Fiction': 40, 'Coming Of Age': 40, 'Action & Adventure': 20, 'Animals': 20, 'Dragons, Unicorns & Mythical': 20, 'Fantasy & Magic': 20, 'Science Fiction': 20, 'Humorous': 20, 'Family Life': 20, 'Stories In Verse': 20, 'Sexual Abuse': 20, 'Girls & Women': 20, 'Poverty & Homelessness': 20, 'Physical & Emotional Abuse': 20, 'Literary': 20, 'African American & Black': 20, 'Humorous Stories': 20, 'Diversity & Multicultural': 20, 'Clothing & Dress': 20, 'Emotions & Feelings': 20, 'Marriage & Divorce': 20, 'Juvenile Nonfiction': 20, 'Social Topics': 20, 'Self-Esteem & Self-Reliance': 20, 'School & Education': 20, 'Literary Criticism & Collections': 20}",5,5
Sartell-St. Stephen ISD 748,Minnesota,0,0,100,0,"{'Fiction': 100, 'Romance': 100, 'New Adult': 100, 'Lgbt': 100, 'Gay': 100, 'Contemporary': 100}",1,1
School District of Cadott Community,Wisconsin,100,0,0,66,"{'Juvenile Nonfiction': 66, 'History': 66, 'United States': 66, 'Biography & Autobiography': 33, 'Social Activists': 33, 'Lgbtq': 33, '20Th Century': 33, 'Juvenile Fiction': 33, 'Humorous Stories': 33, 'Family': 33, 'New Baby': 33, 'Health & Daily Living': 33}",3,3
School District of Hamilton County,Florida,26,36,0,0,"{'Fiction': 52, 'Social Themes': 47, 'Young Adult Fiction': 36, 'Juvenile Fiction': 26, 'Fantasy': 21, 'Romance': 21, 'Literary': 21, 'Coming Of Age': 21, 'Epic': 15, 'Contemporary': 15, 'Friendship': 15}",19,19
School District of Manatee County,Florida,56,36,2,27,"{'Juvenile Fiction': 36, 'Social Themes': 34, 'Young Adult Fiction': 34, 'Juvenile Nonfiction': 29, 'Family': 22, 'Social Topics': 20, 'Lgbtq': 18, 'Fiction': 18, 'Friendship': 15, 'Animals': 11, 'Biography & Autobiography': 11, 'People & Places': 11, 'Sexual Abuse': 11, 'Coming Of Age': 11, 'United States': 11}",44,44
School District of New London,Wisconsin,100,0,0,100,"{'Juvenile Nonfiction': 100, 'Social Science': 100, 'Folklore & Mythology': 100, 'Education': 50, 'History': 50, 'United States': 50, 'State & Local': 50, 'People & Places': 50}",2,2
School District of Pickens County,South Carolina,33,100,0,33,"{'Young Adult Fiction': 66, 'People & Places': 66, 'United States': 66, 'African American & Black': 66, 'Social Themes': 66, 'Prejudice & Racism': 66, 'Violence': 33, 'Young Adult Nonfiction': 33, 'Social Topics': 33, 'Civil & Human Rights': 33, 'Social Science': 33, 'Politics & Government': 33, 'History': 33, 'Fiction': 33, 'Classics': 33, 'Literary': 33, 'Media Tie-In': 33, 'Coming Of Age': 33, 'Juvenile Fiction': 33, 'School & Education': 33, 'Emotions & Feelings': 33, 'Friendship': 33}",3,3
School District of Somerset,Wisconsin,21,30,12,18,"{'Fiction': 48, 'Romance': 39, 'Young Adult Fiction': 27, 'Fantasy': 24, 'Epic': 24, 'Juvenile Fiction': 21, 'Social Themes': 21, 'Literary': 21, 'Coming Of Age': 18, 'Contemporary': 12, 'Family': 12, 'Emotions & Feelings': 12, 'Sexual Abuse': 12}",33,33
School District of Waukesha,Wisconsin,28,76,12,20,"{'Young Adult Fiction': 68, 'Social Themes': 40, 'Romance': 32, 'Juvenile Fiction': 24, 'Coming Of Age': 24, 'Family': 20, 'Dating & Sex': 20, 'Social Topics': 16, 'Girls & Women': 16, 'Friendship': 16, 'Juvenile Nonfiction': 12, 'United States': 12, 'Prejudice & Racism': 12, 'Comics & Graphic Novels': 12, 'Lgbtq': 12}",25,25
Selinsgrove Area School District,Pennsylvania,0,100,0,0,"{'Young Adult Fiction': 100, 'Social Themes': 100, 'Friendship': 100, 'Physical & Emotional Abuse': 100, 'Violence': 100}",1,1
Seminole County Public Schools,Florida,54,36,18,36,"{'Juvenile Fiction': 45, 'Lgbtq': 27, 'Women': 27, 'Clothing & Dress': 18, 'Family': 18, 'Social Science': 18, ""Women'S Studies"": 18, 'Young Adult Nonfiction': 18, 'Social Topics': 18, 'Sexual Abuse': 18, 'Comics & Graphic Novels': 18, 'Young Adult Fiction': 18, 'Biography & Autobiography': 18, 'Social Themes': 18, 'Fiction': 18, 'Coming Of Age': 18}",11,11
Sheboygan Area School District,Wisconsin,0,0,0,100,"{'Comics & Graphic Novels': 100, 'Nonfiction': 100, 'Biography & Memoir': 100, 'Lgbtq': 100, 'Biography & Autobiography': 66, 'Contemporary Women': 33, 'Art': 33, 'Techniques': 33, 'Cartooning': 33, 'Personal Memoirs': 33, 'Literary': 33, 'Humorous': 33, 'Psychology': 33, 'Developmental': 33, 'Child': 33}",3,3
Siloam Springs School District,Arkansas,100,0,0,100,"{'Juvenile Nonfiction': 100, 'Health & Daily Living': 100, 'Sexuality & Pregnancy': 100, 'Science & Nature': 100, 'Anatomy & Physiology': 100, 'Social Issues': 100, 'Emotions & Feelings': 100}",1,1
Sioux City Community School District,Iowa,0,100,0,100,"{'Young Adult Nonfiction': 100, 'Lgbtq': 100, 'Social Topics': 100, 'Dating & Sex': 100, 'Humor': 100}",1,1
Sioux Valley School District,South Dakota,50,50,0,50,"{'Biography & Autobiography': 50, 'Literary Figures': 50, 'Women': 50, 'Editors, Journalists, Publishers': 50, 'Personal Memoirs': 50, 'Family & Relationships': 50, 'Dysfunctional Families': 50, 'Self-Help': 50, 'Adult Children Of Substance Abusers': 50, 'Social Science': 50, 'Poverty & Homelessness': 50, 'Fiction': 50, 'Classics': 50, 'Literary': 50, 'Media Tie-In': 50, 'Coming Of Age': 50, 'Juvenile Fiction': 50, 'School & Education': 50, 'Social Themes': 50, 'Emotions & Feelings': 50, 'Friendship': 50, 'Young Adult Fiction': 50}",2,2
Somers Central School District,New York,0,0,0,100,"{'Social Science': 100, 'Discrimination': 100, 'Family & Relationships': 100, 'Prejudice': 100, 'Self-Help': 100, 'Motivational & Inspirational': 100, 'Race & Ethnic Relations': 100}",1,1
South Summit School District,Utah,0,0,0,0,"{'Fiction': 100, 'Dystopian': 100, 'Science Fiction': 100, 'Genetic Engineering': 100, 'Classics': 100}",1,1
Sparta Township Public Schools,New Jersey,100,0,0,0,"{'Juvenile Fiction': 100, 'People & Places': 100, 'United States': 100, 'African American & Black': 100, 'Social Themes': 100, 'Prejudice & Racism': 100, 'Historical': 100, '20Th Century': 100, 'Violence': 100}",1,1
Spotsylvania County Public Schools,Virginia,31,68,11,8,"{'Young Adult Fiction': 62, 'Social Themes': 62, 'Romance': 34, 'Juvenile Fiction': 31, 'Sexual Abuse': 25, 'Fiction': 25, 'Literary': 22, 'Friendship': 20, 'Coming Of Age': 17, 'Family': 17, 'Emotions & Feelings': 17, 'Lgbtq': 14, 'Dating & Sex': 11, 'People & Places': 11, 'United States': 11, 'African American & Black': 11, 'Girls & Women': 11}",35,35
Spring Branch Independent School District,Texas,60,40,0,40,"{'Comics & Graphic Novels': 40, 'Juvenile Fiction': 40, 'Social Themes': 40, 'Friendship': 40, 'Fiction': 40, 'Nonfiction': 20, 'Biography & Memoir': 20, 'Lgbtq': 20, 'Biography & Autobiography': 20, 'Juvenile Nonfiction': 20, 'Social Topics': 20, 'Prejudice & Racism': 20, 'Young Adult Nonfiction': 20, 'Civil & Human Rights': 20, 'Social Science': 20, 'Politics & Government': 20, 'Sports & Recreation': 20, 'Soccer': 20, 'Dystopian': 20, 'Feminist': 20, 'Women': 20, 'Classics': 20, 'Literary': 20, 'Media Tie-In': 20, 'Coming Of Age': 20, 'School & Education': 20, 'Emotions & Feelings': 20, 'Young Adult Fiction': 20}",5,5
Spring Lake Public Schools,Michigan,0,0,0,100,"{'Comics & Graphic Novels': 100, 'Nonfiction': 100, 'Biography & Memoir': 100, 'Lgbtq': 100, 'Biography & Autobiography': 100}",1,1
St. Clair R-XIII School District,Missouri,0,0,0,0,"{'Fiction': 100, 'Media Tie-In': 100}",1,1
St. John's County School District,Florida,27,32,13,18,"{'Fiction': 43, 'Romance': 43, 'Social Themes': 29, 'Young Adult Fiction': 29, 'Juvenile Fiction': 24, 'Contemporary': 16, 'Literary': 16, 'Family': 13}",37,37
St. Joseph Public Schools,Michigan,0,100,0,0,"{'Young Adult Fiction': 100, 'Girls & Women': 100, 'Social Themes': 100, 'Dating & Sex': 100}",1,1
St. Lucie Public Schools,Florida,37,37,4,12,"{'Social Themes': 50, 'Juvenile Fiction': 33, 'Young Adult Fiction': 33, 'Lgbtq': 29, 'Fiction': 25, 'Coming Of Age': 20, 'Bullying': 16, 'Comics & Graphic Novels': 16, 'Friendship': 16, 'Family': 12, 'Literary': 12, 'Concepts': 12, 'Emotions & Feelings': 12}",24,24
Sumner County Schools,Tennessee,0,0,0,0,"{'Fiction': 100, 'Coming Of Age': 100, 'Humorous': 100, 'Family Life': 100}",1,1
Texarkana Independent School District,Texas,46,63,3,34,"{'Social Themes': 51, 'Young Adult Fiction': 46, 'Lgbtq': 44, 'Juvenile Fiction': 29, 'Social Topics': 22, 'Juvenile Nonfiction': 20, 'Friendship': 18, 'Family': 18, 'United States': 17, 'Young Adult Nonfiction': 17, 'People & Places': 15, 'Dating & Sex': 13, 'Romance': 13, 'Health & Daily Living': 12, 'Prejudice & Racism': 12, 'African American & Black': 12}",58,58
Tulsa Public Schools,Oklahoma,0,50,0,50,"{'Comics & Graphic Novels': 100, 'Lgbtq': 100, 'Young Adult Fiction': 50, 'Coming Of Age': 50, 'Nonfiction': 50, 'Biography & Memoir': 50, 'Biography & Autobiography': 50}",2,2
Tyler Independent School District,Texas,0,50,0,50,"{'Young Adult Nonfiction': 50, 'Lgbtq': 50, 'Biography & Autobiography': 50, 'Cultural, Ethnic & Regional': 50, 'Boys & Men': 50, 'Fiction': 50, 'Coming Of Age': 50, 'Humorous': 50, 'Family Life': 50}",2,2
Virginia Beach City Public Schools,Virginia,12,0,0,50,"{'Fiction': 50, 'African American & Black': 25, 'Family Life': 25, 'Comics & Graphic Novels': 25, 'Nonfiction': 25, 'Biography & Autobiography': 25, 'Coming Of Age': 25, 'Women': 25, 'Literary': 25, 'Juvenile Nonfiction': 12, 'Health & Daily Living': 12, 'Sexuality & Pregnancy': 12, 'Science & Nature': 12, 'Anatomy & Physiology': 12, 'Social Issues': 12, 'Emotions & Feelings': 12, 'Biography & Memoir': 12, 'Lgbtq': 12, 'History': 12, 'Political Science': 12, 'Civil Rights': 12, 'United States': 12, '20Th Century': 12, 'Humorous': 12, 'Literary Figures': 12, 'Editors, Journalists, Publishers': 12, 'Personal Memoirs': 12, 'Law': 12, 'Legal History': 12, 'Social Science': 12, ""Women'S Studies"": 12, 'True Crime': 12, 'Sexual Assault': 12, 'Psychological': 12, 'Friendship': 12}",8,8
Volusia County Schools,Florida,29,68,3,10,"{'Young Adult Fiction': 62, 'Social Themes': 60, 'Romance': 27, 'Juvenile Fiction': 26, 'Dating & Sex': 23, 'Fiction': 21, 'Lgbtq': 19, 'Family': 19, 'Friendship': 19, 'Contemporary': 12, 'Fantasy': 11, 'Literary': 11}",94,94
Wakulla County School District,Florida,100,0,0,0,"{'Juvenile Nonfiction': 100, 'People & Places': 100, 'United States': 100, 'African American & Black': 100, 'History': 100, 'State & Local': 100, 'Comics & Graphic Novels': 100, 'Juvenile Fiction': 100, 'Historical': 100, '20Th Century': 100, 'School & Education': 100, 'Social Themes': 100, 'Prejudice & Racism': 100}",1,1
Walla Walla Public Schools,Washington,0,0,0,100,"{'Comics & Graphic Novels': 100, 'Nonfiction': 100, 'Biography & Memoir': 100, 'Lgbtq': 100, 'Biography & Autobiography': 100}",1,1
Waller Independent School District,Texas,100,0,0,100,"{'Juvenile Nonfiction': 100, 'Health & Daily Living': 100, 'Sexuality & Pregnancy': 100, 'Science & Nature': 100, 'Anatomy & Physiology': 100, 'Social Issues': 100, 'Emotions & Feelings': 100}",1,1
Walton County School District,Florida,43,36,12,22,"{'Juvenile Fiction': 31, 'Social Themes': 31, 'Fiction': 29, 'Lgbtq': 27, 'Young Adult Fiction': 24, 'Family': 20, 'Romance': 17, 'Dating & Sex': 17, 'Juvenile Nonfiction': 17, 'Social Topics': 15, 'Coming Of Age': 15, 'Literary': 13, 'Health & Daily Living': 13, 'Young Adult Nonfiction': 12}",58,58
Wappingers Central School District,New York,0,0,0,100,"{'Comics & Graphic Novels': 100, 'Nonfiction': 100, 'Biography & Memoir': 100, 'Lgbtq': 100, 'Biography & Autobiography': 100}",1,1
Wasatch School District,Utah,27,54,0,9,"{'Social Themes': 54, 'Young Adult Fiction': 54, 'Fiction': 36, 'Family': 27, 'Literary': 27, 'Fantasy': 18, 'Juvenile Nonfiction': 18, 'Drugs, Alcohol, Substance Abuse': 18, 'Juvenile Fiction': 18, 'Stories In Verse': 18, 'Dating & Sex': 18, 'Historical': 18, 'Death, Grief, Bereavement': 18, 'Self-Esteem & Self-Reliance': 18}",11,11
Washington County School District,Utah,19,43,6,13,"{'Fiction': 42, 'Young Adult Fiction': 40, 'Social Themes': 39, 'Romance': 22, 'Literary': 22, 'Juvenile Fiction': 19, 'Coming Of Age': 15, 'Family': 12}",66,65
Washington Township High School,New Jersey,0,0,0,0,"{'Fiction': 100, 'Literary': 100, 'African American & Black': 100, 'Coming Of Age': 100}",1,1
Washingtonville Central School District,New York,0,0,0,100,"{'Comics & Graphic Novels': 100, 'Nonfiction': 100, 'Biography & Memoir': 100, 'Lgbtq': 100, 'Biography & Autobiography': 100}",1,1
Watchung Borough School District,New Jersey,0,100,0,100,"{'Young Adult Nonfiction': 100, 'Comics & Graphic Novels': 100, 'Biography': 100, 'Social Topics': 100, 'Emigration & Immigration': 100, 'Art': 100, 'Cartooning': 100, 'History': 100, 'Biography & Autobiography': 100, 'Women': 100, 'Family': 100, 'Parents': 100}",1,1
Waukee Community School District,Iowa,0,33,0,66,"{'Lgbtq': 66, 'Biography & Autobiography': 66, 'Young Adult Nonfiction': 33, 'Cultural, Ethnic & Regional': 33, 'Boys & Men': 33, 'Comics & Graphic Novels': 33, 'Nonfiction': 33, 'Biography & Memoir': 33, 'Fiction': 33, 'Coming Of Age': 33, 'Humorous': 33, 'Family Life': 33}",3,3
Wayzata Public Schools,Minnesota,0,0,0,0,"{'Fiction': 100, 'Coming Of Age': 100, 'Humorous': 100, 'Family Life': 100}",1,1
Webster Groves School District,Missouri,0,9,18,45,"{'Comics & Graphic Novels': 72, 'Literary': 45, 'Fiction': 36, 'Lgbtq': 27, 'Coming Of Age': 18, 'Nonfiction': 18, 'Poetry': 18, 'Subjects & Themes': 18, 'Women Authors': 18}",11,11
Wentzville School District,Missouri,16,12,5,76,"{'Comics & Graphic Novels': 49, 'Art': 31, 'History': 28, 'Biography & Autobiography': 14, 'Juvenile Nonfiction': 13, 'Individual Artists': 12, 'Horror': 11}",225,222
West Ada School District,Idaho,0,50,0,100,"{'Lgbtq': 100, 'Comics & Graphic Novels': 50, 'Nonfiction': 50, 'Biography & Memoir': 50, 'Biography & Autobiography': 50, 'Young Adult Nonfiction': 50, 'Social Topics': 50, 'Dating & Sex': 50, 'Humor': 50}",2,2
West Linn-Wilsonville School District,Oregon,0,100,0,0,"{'Young Adult Fiction': 100, 'Health & Daily Living': 100, 'Diseases, Illnesses & Injuries': 100, 'Humorous': 100, 'Black Comedy': 100, 'Social Themes': 100, 'Friendship': 100, 'Death, Grief, Bereavement': 100, 'Religious': 100, 'Jewish': 100, 'School & Education': 100}",1,1
Western School Corporation,Indiana,0,100,0,0,"{'Young Adult Fiction': 100, 'Fantasy': 100, 'Romance': 100, 'Contemporary': 66, 'Paranormal': 66, 'Action & Adventure': 66, 'Monsters': 66, 'Paranormal, Occult & Supernatural': 66, 'Girls & Women': 33, 'People & Places': 33, 'Europe': 33}",3,3
Westfield Public Schools,New Jersey,100,0,0,100,"{'Juvenile Nonfiction': 100, 'Diversity & Multicultural': 100, 'Social Topics': 100, 'Prejudice & Racism': 100, 'Activism & Social Justice': 100}",1,1
Wicomico County Public Schools,Maryland,0,100,0,100,"{'Young Adult Nonfiction': 100, 'Lgbtq': 100, 'Biography & Autobiography': 100, 'Cultural, Ethnic & Regional': 100, 'Boys & Men': 100}",1,1
Wilkes County School District,North Carolina,100,0,0,0,"{'Juvenile Fiction': 100, 'Social Themes': 66, 'Family': 66, 'Friendship': 50, 'People & Places': 33, 'United States': 33, 'Religious': 16, 'Muslim': 16, 'Cooking & Food': 16, 'African American & Black': 16, 'Prejudice & Racism': 16, 'Multigenerational': 16, 'Parents': 16, 'Fantasy & Magic': 16, 'Hispanic & Latino': 16, 'Mysteries & Detective Stories': 16, 'Violence': 16, 'Death, Grief, Bereavement': 16, 'Siblings': 16, 'Blended Families': 16, 'Lgbtq': 16}",6,6
Wilkes County Schools,North Carolina,0,100,0,0,"{'Young Adult Fiction': 100, 'Social Themes': 100, 'Death, Grief, Bereavement': 100, 'Friendship': 100, 'Self-Esteem & Self-Reliance': 100}",1,1
Willard Public Schools,Missouri,0,66,0,0,"{'Young Adult Fiction': 66, 'Romance': 33, 'Lgbtq': 33, 'Travel & Transportation': 33, 'Family': 33, 'Parents': 33, 'Health & Daily Living': 33, 'Diseases, Illnesses & Injuries': 33, 'Humorous': 33, 'Black Comedy': 33, 'Social Themes': 33, 'Friendship': 33, 'Death, Grief, Bereavement': 33, 'Religious': 33, 'Jewish': 33, 'School & Education': 33, 'Fiction': 33, 'Literary': 33, 'Science Fiction': 33, 'Apocalyptic & Post-Apocalyptic': 33}",3,3
William S. Hart Union High School District,California,0,100,0,100,"{'Young Adult Nonfiction': 100, 'Lgbtq': 100, 'Social Topics': 100, 'Dating & Sex': 100, 'Humor': 100}",1,1
Williamsburg-James City Public Schools,Virginia,0,100,0,0,"{'Young Adult Fiction': 100, 'Health & Daily Living': 100, 'Diseases, Illnesses & Injuries': 100, 'Humorous': 100, 'Black Comedy': 100, 'Social Themes': 100, 'Friendship': 100, 'Death, Grief, Bereavement': 100, 'Religious': 100, 'Jewish': 100, 'School & Education': 100}",1,1
Williamson County Schools,Tennessee,100,0,0,0,"{'Juvenile Fiction': 100, 'Family': 100, 'Multigenerational': 100, 'Social Themes': 100, 'Self-Esteem & Self-Reliance': 100, 'People & Places': 100, 'United States': 100, 'Native American': 100, 'Travel': 100, 'Classics': 100}",1,1
Williston Basin School District #7,North Dakota,37,62,0,3,"{'Social Themes': 70, 'Young Adult Fiction': 62, 'Fiction': 33, 'Juvenile Fiction': 33, 'Romance': 25, 'Contemporary': 22, 'Family': 22, 'Friendship': 22, 'Fantasy': 18, 'Epic': 18, 'Dating & Sex': 18, 'Sexual Abuse': 18, 'Violence': 11, 'School & Education': 11, 'Literary': 11, 'Siblings': 11, 'Death, Grief, Bereavement': 11, 'Emotions & Feelings': 11}",27,27
Wilson County School District,Tennessee,33,50,0,0,"{'Social Themes': 66, 'Young Adult Fiction': 50, 'Fiction': 33, 'Romance': 33, 'Contemporary': 33, 'Juvenile Fiction': 33, 'Family': 33, 'Dating & Sex': 33, 'Fantasy': 16, 'Epic': 16, 'Orphans & Foster Homes': 16, 'Historical': 16, 'Europe': 16, 'Horror': 16, 'Fantasy & Magic': 16, 'Paranormal, Occult & Supernatural': 16, 'Juvenile Nonfiction': 16, 'Social Topics': 16, 'Drugs, Alcohol, Substance Abuse': 16, 'School & Education': 16, 'Stories In Verse': 16, 'Parents': 16, 'Pregnancy': 16, 'Thrillers & Suspense': 16, 'Physical & Emotional Abuse': 16, 'Class Differences': 16, 'Literary': 16, 'African American & Black': 16, 'Coming Of Age': 16}",6,6
Wilson County Schools,Tennessee,80,60,0,0,"{'Juvenile Fiction': 80, 'Young Adult Fiction': 60, 'Love & Romance': 40, 'Fiction': 40, 'Coming Of Age': 40, 'Romance': 20, 'Lgbtq': 20, 'Thrillers & Suspense': 20, 'Action & Adventure': 20, 'People & Places': 20, 'Europe': 20, 'Girls & Women': 20, 'Classics': 20, 'Literary': 20, 'Media Tie-In': 20, 'School & Education': 20, 'Social Themes': 20, 'Emotions & Feelings': 20, 'Friendship': 20, 'Family': 20, 'Novels In Verse': 20}",5,5
Wilton-Lyndeborough Cooperative School District,New Hampshire,0,100,0,100,"{'Young Adult Nonfiction': 100, 'Health & Daily Living': 100, 'Social Topics': 100, 'Eating Disorders & Body Image': 100, 'Diseases, Illnesses & Injuries': 100}",1,1
Wissahickon School District,Pennsylvania,0,0,0,100,"{'Comics & Graphic Novels': 100, 'Nonfiction': 100, 'Biography & Memoir': 100, 'Lgbtq': 100, 'Biography & Autobiography': 100}",1,1
Wood County Schools,West Virginia,50,50,100,100,"{'Juvenile Nonfiction': 50, 'Health & Daily Living': 50, 'Maturing': 50, 'Science & Nature': 50, 'Anatomy & Physiology': 50, 'Young Adult Nonfiction': 50, 'Comics & Graphic Novels': 50, 'Social Topics': 50, 'History': 50}",2,2
Yorktown Central School District,New York,22,44,0,33,"{'Lgbtq': 33, 'Young Adult Fiction': 33, 'Fiction': 33, 'Biography & Autobiography': 22, 'Romance': 22, 'Coming Of Age': 22, 'Social Themes': 22, 'Young Adult Nonfiction': 11, 'Cultural, Ethnic & Regional': 11, 'Boys & Men': 11, 'Juvenile Nonfiction': 11, 'Health & Daily Living': 11, 'Sexuality & Pregnancy': 11, 'Science & Nature': 11, 'Anatomy & Physiology': 11, 'Social Issues': 11, 'Emotions & Feelings': 11, 'Comics & Graphic Novels': 11, 'Nonfiction': 11, 'Biography & Memoir': 11, 'Thrillers & Suspense': 11, 'Juvenile Fiction': 11, 'Action & Adventure': 11, 'Love & Romance': 11, 'Humorous': 11, 'Family Life': 11, 'Death, Grief, Bereavement': 11, 'Friendship': 11, 'Self-Esteem & Self-Reliance': 11, 'Prejudice & Racism': 11, 'Historical': 11, 'United States': 11, '20Th Century': 11, 'Literary': 11, 'African American & Black': 11, 'Media Tie-In': 11}",9,9
